Produkt;Faropiktogram2;B;C;D;E;Faropiktogram;Lagring
(+/-)-Verapamil hydrochloride;"<img src=""https://upload.wikimedia.org/wikipedia/commons/thumb/5/58/GHS-pictogram-skull.svg/512px-GHS-pictogram-skull.svg.png"" height=""32"">";"<img src=""https://upload.wikimedia.org/wikipedia/commons/thumb/a/a1/GHS-pictogram-acid.svg/512px-GHS-pictogram-acid.svg.png"" height=""32"">";;;;"<img src=""https://upload.wikimedia.org/wikipedia/commons/thumb/5/58/GHS-pictogram-skull.svg/512px-GHS-pictogram-skull.svg.png"" height=""32""><img src=""https://upload.wikimedia.org/wikipedia/commons/thumb/a/a1/GHS-pictogram-acid.svg/512px-GHS-pictogram-acid.svg.png"" height=""32"">";New Freezer
10XTris/Glycine Buffer;;;;;;;Lab space
1-Hydroxibenzotriazolhydrat;"<img src=""https://upload.wikimedia.org/wikipedia/commons/thumb/6/6d/GHS-pictogram-flamme.svg/512px-GHS-pictogram-flamme.svg.png"" height=""32"">";;;;;"<img src=""https://upload.wikimedia.org/wikipedia/commons/thumb/6/6d/GHS-pictogram-flamme.svg/512px-GHS-pictogram-flamme.svg.png"" height=""32"">";Flammmable cabinet
1X Plus Amplification Diluent;;;;;;;Fridge Atlas
1X TE Buffer;;;;;;;New fridge
2-Methylbutane;"<img src=""https://upload.wikimedia.org/wikipedia/commons/thumb/6/6d/GHS-pictogram-flamme.svg/512px-GHS-pictogram-flamme.svg.png"" height=""32"">";"<img src=""https://upload.wikimedia.org/wikipedia/commons/thumb/2/21/GHS-pictogram-silhouette.svg/512px-GHS-pictogram-silhouette.svg.png"" height=""32"">";"<img src=""https://upload.wikimedia.org/wikipedia/commons/thumb/c/c3/GHS-pictogram-exclam.svg/512px-GHS-pictogram-exclam.svg.png"" height=""32"">";"<img src=""https://upload.wikimedia.org/wikipedia/commons/thumb/a/a1/GHS-pictogram-acid.svg/512px-GHS-pictogram-acid.svg.png"" height=""32"">";;"<img src=""https://upload.wikimedia.org/wikipedia/commons/thumb/6/6d/GHS-pictogram-flamme.svg/512px-GHS-pictogram-flamme.svg.png"" height=""32""><img src=""https://upload.wikimedia.org/wikipedia/commons/thumb/2/21/GHS-pictogram-silhouette.svg/512px-GHS-pictogram-silhouette.svg.png"" height=""32""><img src=""https://upload.wikimedia.org/wikipedia/commons/thumb/c/c3/GHS-pictogram-exclam.svg/512px-GHS-pictogram-exclam.svg.png"" height=""32""><img src=""https://upload.wikimedia.org/wikipedia/commons/thumb/a/a1/GHS-pictogram-acid.svg/512px-GHS-pictogram-acid.svg.png"" height=""32"">";Flammmable cabinet
4-Jodfenol;"<img src=""https://upload.wikimedia.org/wikipedia/commons/thumb/a/a1/GHS-pictogram-acid.svg/512px-GHS-pictogram-acid.svg.png"" height=""32"">";"<img src=""https://upload.wikimedia.org/wikipedia/commons/thumb/c/c3/GHS-pictogram-exclam.svg/512px-GHS-pictogram-exclam.svg.png"" height=""32"">";;;;"<img src=""https://upload.wikimedia.org/wikipedia/commons/thumb/a/a1/GHS-pictogram-acid.svg/512px-GHS-pictogram-acid.svg.png"" height=""32""><img src=""https://upload.wikimedia.org/wikipedia/commons/thumb/c/c3/GHS-pictogram-exclam.svg/512px-GHS-pictogram-exclam.svg.png"" height=""32"">";Cupboard Csaba
6xAgarose gel loading dye;"<img src=""https://upload.wikimedia.org/wikipedia/commons/thumb/c/c3/GHS-pictogram-exclam.svg/512px-GHS-pictogram-exclam.svg.png"" height=""32"">";;;;;"<img src=""https://upload.wikimedia.org/wikipedia/commons/thumb/c/c3/GHS-pictogram-exclam.svg/512px-GHS-pictogram-exclam.svg.png"" height=""32"">";Freezer B
Acetic Acid Glacial, Certified AR for analysis, meets analytical specification of Ph.Eur., BP, USP, Fisher Chemical;"<img src=""https://upload.wikimedia.org/wikipedia/commons/thumb/6/6d/GHS-pictogram-flamme.svg/512px-GHS-pictogram-flamme.svg.png"" height=""32"">";"<img src=""https://upload.wikimedia.org/wikipedia/commons/thumb/a/a1/GHS-pictogram-acid.svg/512px-GHS-pictogram-acid.svg.png"" height=""32"">";;;;"<img src=""https://upload.wikimedia.org/wikipedia/commons/thumb/6/6d/GHS-pictogram-flamme.svg/512px-GHS-pictogram-flamme.svg.png"" height=""32""><img src=""https://upload.wikimedia.org/wikipedia/commons/thumb/a/a1/GHS-pictogram-acid.svg/512px-GHS-pictogram-acid.svg.png"" height=""32"">";Flammmable cabinet
Aceton;"<img src=""https://upload.wikimedia.org/wikipedia/commons/thumb/6/6d/GHS-pictogram-flamme.svg/512px-GHS-pictogram-flamme.svg.png"" height=""32"">";"<img src=""https://upload.wikimedia.org/wikipedia/commons/thumb/c/c3/GHS-pictogram-exclam.svg/512px-GHS-pictogram-exclam.svg.png"" height=""32"">";;;;"<img src=""https://upload.wikimedia.org/wikipedia/commons/thumb/6/6d/GHS-pictogram-flamme.svg/512px-GHS-pictogram-flamme.svg.png"" height=""32""><img src=""https://upload.wikimedia.org/wikipedia/commons/thumb/c/c3/GHS-pictogram-exclam.svg/512px-GHS-pictogram-exclam.svg.png"" height=""32"">";Flammmable cabinet
Advansta WesternBright Quantum Western blotting detection kit;;;;;;;Fridge Atlas
Albumin Standard;;;;;;;Fridge near Bond
Albumin, from bovine serum;;;;;;;Fridge near Bond
AllPrep DNA/RNA/Protein Mini Kit;"<img src=""https://upload.wikimedia.org/wikipedia/commons/thumb/6/6d/GHS-pictogram-flamme.svg/512px-GHS-pictogram-flamme.svg.png"" height=""32"">";"<img src=""https://upload.wikimedia.org/wikipedia/commons/thumb/a/a1/GHS-pictogram-acid.svg/512px-GHS-pictogram-acid.svg.png"" height=""32"">";"<img src=""https://upload.wikimedia.org/wikipedia/commons/thumb/c/c3/GHS-pictogram-exclam.svg/512px-GHS-pictogram-exclam.svg.png"" height=""32"">";;;"<img src=""https://upload.wikimedia.org/wikipedia/commons/thumb/6/6d/GHS-pictogram-flamme.svg/512px-GHS-pictogram-flamme.svg.png"" height=""32""><img src=""https://upload.wikimedia.org/wikipedia/commons/thumb/a/a1/GHS-pictogram-acid.svg/512px-GHS-pictogram-acid.svg.png"" height=""32""><img src=""https://upload.wikimedia.org/wikipedia/commons/thumb/c/c3/GHS-pictogram-exclam.svg/512px-GHS-pictogram-exclam.svg.png"" height=""32"">";Flammmable cabinet
Ammoniumpersulfat;"<img src=""https://upload.wikimedia.org/wikipedia/commons/thumb/e/e5/GHS-pictogram-rondflam.svg/512px-GHS-pictogram-rondflam.svg.png"" height=""32"">";"<img src=""https://upload.wikimedia.org/wikipedia/commons/thumb/2/21/GHS-pictogram-silhouette.svg/512px-GHS-pictogram-silhouette.svg.png"" height=""32"">";"<img src=""https://upload.wikimedia.org/wikipedia/commons/thumb/c/c3/GHS-pictogram-exclam.svg/512px-GHS-pictogram-exclam.svg.png"" height=""32"">";;;"<img src=""https://upload.wikimedia.org/wikipedia/commons/thumb/e/e5/GHS-pictogram-rondflam.svg/512px-GHS-pictogram-rondflam.svg.png"" height=""32""><img src=""https://upload.wikimedia.org/wikipedia/commons/thumb/2/21/GHS-pictogram-silhouette.svg/512px-GHS-pictogram-silhouette.svg.png"" height=""32""><img src=""https://upload.wikimedia.org/wikipedia/commons/thumb/c/c3/GHS-pictogram-exclam.svg/512px-GHS-pictogram-exclam.svg.png"" height=""32"">";Flammmable cabinet
APEX Alexa Flour 647 AB labeling kit;"<img src=""https://upload.wikimedia.org/wikipedia/commons/thumb/2/21/GHS-pictogram-silhouette.svg/512px-GHS-pictogram-silhouette.svg.png"" height=""32"">";;;;;"<img src=""https://upload.wikimedia.org/wikipedia/commons/thumb/2/21/GHS-pictogram-silhouette.svg/512px-GHS-pictogram-silhouette.svg.png"" height=""32"">";Fridge near Bond
Benzyl ether;"<img src=""https://upload.wikimedia.org/wikipedia/commons/thumb/c/c3/GHS-pictogram-exclam.svg/512px-GHS-pictogram-exclam.svg.png"" height=""32"">";"<img src=""https://upload.wikimedia.org/wikipedia/commons/thumb/a/a1/GHS-pictogram-acid.svg/512px-GHS-pictogram-acid.svg.png"" height=""32"">";;;;"<img src=""https://upload.wikimedia.org/wikipedia/commons/thumb/c/c3/GHS-pictogram-exclam.svg/512px-GHS-pictogram-exclam.svg.png"" height=""32""><img src=""https://upload.wikimedia.org/wikipedia/commons/thumb/a/a1/GHS-pictogram-acid.svg/512px-GHS-pictogram-acid.svg.png"" height=""32"">";Cupboard Csaba
Benzyl ether;"<img src=""https://upload.wikimedia.org/wikipedia/commons/thumb/c/c3/GHS-pictogram-exclam.svg/512px-GHS-pictogram-exclam.svg.png"" height=""32"">";"<img src=""https://upload.wikimedia.org/wikipedia/commons/thumb/a/a1/GHS-pictogram-acid.svg/512px-GHS-pictogram-acid.svg.png"" height=""32"">";;;;"<img src=""https://upload.wikimedia.org/wikipedia/commons/thumb/c/c3/GHS-pictogram-exclam.svg/512px-GHS-pictogram-exclam.svg.png"" height=""32""><img src=""https://upload.wikimedia.org/wikipedia/commons/thumb/a/a1/GHS-pictogram-acid.svg/512px-GHS-pictogram-acid.svg.png"" height=""32"">";Lab space
beta-NADH, disodium salt;;;;;;;Fridge near Bond
Biotin-XX, SE;;;;;;;Fridge Atlas
BIS-TRIS;"<img src=""https://upload.wikimedia.org/wikipedia/commons/thumb/a/a1/GHS-pictogram-acid.svg/512px-GHS-pictogram-acid.svg.png"" height=""32"">";;;;;"<img src=""https://upload.wikimedia.org/wikipedia/commons/thumb/a/a1/GHS-pictogram-acid.svg/512px-GHS-pictogram-acid.svg.png"" height=""32"">";Cupboard Csaba
Blocking Buffer;;;;;;;Fridge near Bond
Blocking Reagent (PerkinElmer FP1020);;;;;;;Fridge near Bond
Bond Epitope Retrieval Solution 1;;;;;;;Fridge Atlas
Bond Epitope Retrieval Solution 2;;;;;;;Fridge Atlas
Bond primary Antibody Diluent;;;;;;;Fridge Atlas
Bond primary Antibody Diluent;;;;;;;Fridge near Bond
Bond Wash Solution 10X Concentrate;;;;;;;Fridge Atlas
Bond Wash Solution 10X Concentrate;;;;;;;Fridge near Bond
Clarity Western ECL Substrate (Volym);;;;;;;Cupboard Csaba
Complete, EDTA-free Tablet;"<img src=""https://upload.wikimedia.org/wikipedia/commons/thumb/a/a1/GHS-pictogram-acid.svg/512px-GHS-pictogram-acid.svg.png"" height=""32"">";;;;;"<img src=""https://upload.wikimedia.org/wikipedia/commons/thumb/a/a1/GHS-pictogram-acid.svg/512px-GHS-pictogram-acid.svg.png"" height=""32"">";Fridge near Bond
coomasie;;;;;;;Fridge Atlas
Dabco 33-LV (solution);"<img src=""https://upload.wikimedia.org/wikipedia/commons/thumb/c/c3/GHS-pictogram-exclam.svg/512px-GHS-pictogram-exclam.svg.png"" height=""32"">";;;;;"<img src=""https://upload.wikimedia.org/wikipedia/commons/thumb/c/c3/GHS-pictogram-exclam.svg/512px-GHS-pictogram-exclam.svg.png"" height=""32"">";Fridge near Bond
Dako Pen;"<img src=""https://upload.wikimedia.org/wikipedia/commons/thumb/6/6d/GHS-pictogram-flamme.svg/512px-GHS-pictogram-flamme.svg.png"" height=""32"">";"<img src=""https://upload.wikimedia.org/wikipedia/commons/thumb/2/21/GHS-pictogram-silhouette.svg/512px-GHS-pictogram-silhouette.svg.png"" height=""32"">";"<img src=""https://upload.wikimedia.org/wikipedia/commons/thumb/c/c3/GHS-pictogram-exclam.svg/512px-GHS-pictogram-exclam.svg.png"" height=""32"">";"<img src=""https://upload.wikimedia.org/wikipedia/commons/thumb/a/a1/GHS-pictogram-acid.svg/512px-GHS-pictogram-acid.svg.png"" height=""32"">";;"<img src=""https://upload.wikimedia.org/wikipedia/commons/thumb/6/6d/GHS-pictogram-flamme.svg/512px-GHS-pictogram-flamme.svg.png"" height=""32""><img src=""https://upload.wikimedia.org/wikipedia/commons/thumb/2/21/GHS-pictogram-silhouette.svg/512px-GHS-pictogram-silhouette.svg.png"" height=""32""><img src=""https://upload.wikimedia.org/wikipedia/commons/thumb/c/c3/GHS-pictogram-exclam.svg/512px-GHS-pictogram-exclam.svg.png"" height=""32""><img src=""https://upload.wikimedia.org/wikipedia/commons/thumb/a/a1/GHS-pictogram-acid.svg/512px-GHS-pictogram-acid.svg.png"" height=""32"">";
Dako Pen;"<img src=""https://upload.wikimedia.org/wikipedia/commons/thumb/6/6d/GHS-pictogram-flamme.svg/512px-GHS-pictogram-flamme.svg.png"" height=""32"">";"<img src=""https://upload.wikimedia.org/wikipedia/commons/thumb/2/21/GHS-pictogram-silhouette.svg/512px-GHS-pictogram-silhouette.svg.png"" height=""32"">";"<img src=""https://upload.wikimedia.org/wikipedia/commons/thumb/c/c3/GHS-pictogram-exclam.svg/512px-GHS-pictogram-exclam.svg.png"" height=""32"">";"<img src=""https://upload.wikimedia.org/wikipedia/commons/thumb/a/a1/GHS-pictogram-acid.svg/512px-GHS-pictogram-acid.svg.png"" height=""32"">";;"<img src=""https://upload.wikimedia.org/wikipedia/commons/thumb/6/6d/GHS-pictogram-flamme.svg/512px-GHS-pictogram-flamme.svg.png"" height=""32""><img src=""https://upload.wikimedia.org/wikipedia/commons/thumb/2/21/GHS-pictogram-silhouette.svg/512px-GHS-pictogram-silhouette.svg.png"" height=""32""><img src=""https://upload.wikimedia.org/wikipedia/commons/thumb/c/c3/GHS-pictogram-exclam.svg/512px-GHS-pictogram-exclam.svg.png"" height=""32""><img src=""https://upload.wikimedia.org/wikipedia/commons/thumb/a/a1/GHS-pictogram-acid.svg/512px-GHS-pictogram-acid.svg.png"" height=""32"">";Fridge Atlas
Denhardt’s Solution 50× Concentrate;;;;;;;Freezer B
Dextran sulfate sodium salt, from Leuconostoc spp.;;;;;;;Freezer B
Dextran sulfate sodium salt, from Leuconostoc spp.;;;;;;;Fridge near Bond
1,4-Diazabicyklo[2,2,2]oktan;"<img src=""https://upload.wikimedia.org/wikipedia/commons/thumb/6/6d/GHS-pictogram-flamme.svg/512px-GHS-pictogram-flamme.svg.png"" height=""32"">";"<img src=""https://upload.wikimedia.org/wikipedia/commons/thumb/c/c3/GHS-pictogram-exclam.svg/512px-GHS-pictogram-exclam.svg.png"" height=""32"">";;;;"<img src=""https://upload.wikimedia.org/wikipedia/commons/thumb/6/6d/GHS-pictogram-flamme.svg/512px-GHS-pictogram-flamme.svg.png"" height=""32""><img src=""https://upload.wikimedia.org/wikipedia/commons/thumb/c/c3/GHS-pictogram-exclam.svg/512px-GHS-pictogram-exclam.svg.png"" height=""32"">";Flammmable cabinet
Dietylpyrokarbonat (volym);"<img src=""https://upload.wikimedia.org/wikipedia/commons/thumb/c/c3/GHS-pictogram-exclam.svg/512px-GHS-pictogram-exclam.svg.png"" height=""32"">";;;;;"<img src=""https://upload.wikimedia.org/wikipedia/commons/thumb/c/c3/GHS-pictogram-exclam.svg/512px-GHS-pictogram-exclam.svg.png"" height=""32"">";Fridge near Bond
Dijodmetan (massa);"<img src=""https://upload.wikimedia.org/wikipedia/commons/thumb/5/58/GHS-pictogram-skull.svg/512px-GHS-pictogram-skull.svg.png"" height=""32"">";;;;;"<img src=""https://upload.wikimedia.org/wikipedia/commons/thumb/5/58/GHS-pictogram-skull.svg/512px-GHS-pictogram-skull.svg.png"" height=""32"">";Cupboard Csaba
N,N-Dimetylakrylamid (contains 500 ppm monomethyl ether hydroquinone as inhibitor) (volym);"<img src=""https://upload.wikimedia.org/wikipedia/commons/thumb/5/58/GHS-pictogram-skull.svg/512px-GHS-pictogram-skull.svg.png"" height=""32"">";"<img src=""https://upload.wikimedia.org/wikipedia/commons/thumb/a/a1/GHS-pictogram-acid.svg/512px-GHS-pictogram-acid.svg.png"" height=""32"">";;;;"<img src=""https://upload.wikimedia.org/wikipedia/commons/thumb/5/58/GHS-pictogram-skull.svg/512px-GHS-pictogram-skull.svg.png"" height=""32""><img src=""https://upload.wikimedia.org/wikipedia/commons/thumb/a/a1/GHS-pictogram-acid.svg/512px-GHS-pictogram-acid.svg.png"" height=""32"">";Cupboard Csaba
Direct-zol RNA MiniPrep (kit);"<img src=""https://upload.wikimedia.org/wikipedia/commons/thumb/6/6d/GHS-pictogram-flamme.svg/512px-GHS-pictogram-flamme.svg.png"" height=""32"">";"<img src=""https://upload.wikimedia.org/wikipedia/commons/thumb/c/c3/GHS-pictogram-exclam.svg/512px-GHS-pictogram-exclam.svg.png"" height=""32"">";;;;"<img src=""https://upload.wikimedia.org/wikipedia/commons/thumb/6/6d/GHS-pictogram-flamme.svg/512px-GHS-pictogram-flamme.svg.png"" height=""32""><img src=""https://upload.wikimedia.org/wikipedia/commons/thumb/c/c3/GHS-pictogram-exclam.svg/512px-GHS-pictogram-exclam.svg.png"" height=""32"">";Flammmable cabinet
DMP;;;;;;;Freezer A
dNTP Set 100mM;;;;;;;Freezer B
Dodecyl sodium sulfate;"<img src=""https://upload.wikimedia.org/wikipedia/commons/thumb/6/6d/GHS-pictogram-flamme.svg/512px-GHS-pictogram-flamme.svg.png"" height=""32"">";"<img src=""https://upload.wikimedia.org/wikipedia/commons/thumb/a/a1/GHS-pictogram-acid.svg/512px-GHS-pictogram-acid.svg.png"" height=""32"">";"<img src=""https://upload.wikimedia.org/wikipedia/commons/thumb/c/c3/GHS-pictogram-exclam.svg/512px-GHS-pictogram-exclam.svg.png"" height=""32"">";;;"<img src=""https://upload.wikimedia.org/wikipedia/commons/thumb/6/6d/GHS-pictogram-flamme.svg/512px-GHS-pictogram-flamme.svg.png"" height=""32""><img src=""https://upload.wikimedia.org/wikipedia/commons/thumb/a/a1/GHS-pictogram-acid.svg/512px-GHS-pictogram-acid.svg.png"" height=""32""><img src=""https://upload.wikimedia.org/wikipedia/commons/thumb/c/c3/GHS-pictogram-exclam.svg/512px-GHS-pictogram-exclam.svg.png"" height=""32"">";
Dodecyl sodium sulfate;"<img src=""https://upload.wikimedia.org/wikipedia/commons/thumb/6/6d/GHS-pictogram-flamme.svg/512px-GHS-pictogram-flamme.svg.png"" height=""32"">";"<img src=""https://upload.wikimedia.org/wikipedia/commons/thumb/a/a1/GHS-pictogram-acid.svg/512px-GHS-pictogram-acid.svg.png"" height=""32"">";"<img src=""https://upload.wikimedia.org/wikipedia/commons/thumb/c/c3/GHS-pictogram-exclam.svg/512px-GHS-pictogram-exclam.svg.png"" height=""32"">";;;"<img src=""https://upload.wikimedia.org/wikipedia/commons/thumb/6/6d/GHS-pictogram-flamme.svg/512px-GHS-pictogram-flamme.svg.png"" height=""32""><img src=""https://upload.wikimedia.org/wikipedia/commons/thumb/a/a1/GHS-pictogram-acid.svg/512px-GHS-pictogram-acid.svg.png"" height=""32""><img src=""https://upload.wikimedia.org/wikipedia/commons/thumb/c/c3/GHS-pictogram-exclam.svg/512px-GHS-pictogram-exclam.svg.png"" height=""32"">";Flammmable cabinet
DTT;"<img src=""https://upload.wikimedia.org/wikipedia/commons/thumb/c/c3/GHS-pictogram-exclam.svg/512px-GHS-pictogram-exclam.svg.png"" height=""32"">";;;;;"<img src=""https://upload.wikimedia.org/wikipedia/commons/thumb/c/c3/GHS-pictogram-exclam.svg/512px-GHS-pictogram-exclam.svg.png"" height=""32"">";Fridge near Bond
E. coli RNase H;"<img src=""https://upload.wikimedia.org/wikipedia/commons/thumb/c/c3/GHS-pictogram-exclam.svg/512px-GHS-pictogram-exclam.svg.png"" height=""32"">";;;;;"<img src=""https://upload.wikimedia.org/wikipedia/commons/thumb/c/c3/GHS-pictogram-exclam.svg/512px-GHS-pictogram-exclam.svg.png"" height=""32"">";Freezer B
EcoMount;"<img src=""https://upload.wikimedia.org/wikipedia/commons/thumb/6/6d/GHS-pictogram-flamme.svg/512px-GHS-pictogram-flamme.svg.png"" height=""32"">";"<img src=""https://upload.wikimedia.org/wikipedia/commons/thumb/c/c3/GHS-pictogram-exclam.svg/512px-GHS-pictogram-exclam.svg.png"" height=""32"">";"<img src=""https://upload.wikimedia.org/wikipedia/commons/thumb/a/a1/GHS-pictogram-acid.svg/512px-GHS-pictogram-acid.svg.png"" height=""32"">";;;"<img src=""https://upload.wikimedia.org/wikipedia/commons/thumb/6/6d/GHS-pictogram-flamme.svg/512px-GHS-pictogram-flamme.svg.png"" height=""32""><img src=""https://upload.wikimedia.org/wikipedia/commons/thumb/c/c3/GHS-pictogram-exclam.svg/512px-GHS-pictogram-exclam.svg.png"" height=""32""><img src=""https://upload.wikimedia.org/wikipedia/commons/thumb/a/a1/GHS-pictogram-acid.svg/512px-GHS-pictogram-acid.svg.png"" height=""32"">";Flammmable cabinet
ELISA Buffer Concentrate (10x);;;;;;;Lab space
ELISA Starter Accessory Kit;"<img src=""https://upload.wikimedia.org/wikipedia/commons/thumb/c/c3/GHS-pictogram-exclam.svg/512px-GHS-pictogram-exclam.svg.png"" height=""32"">";;;;;"<img src=""https://upload.wikimedia.org/wikipedia/commons/thumb/c/c3/GHS-pictogram-exclam.svg/512px-GHS-pictogram-exclam.svg.png"" height=""32"">";Fridge Atlas
ELISA Wash Buffer (30X);;;;;;;Fridge near Bond
Entellan snabb monteringsmedium för mikroskopi;"<img src=""https://upload.wikimedia.org/wikipedia/commons/thumb/6/6d/GHS-pictogram-flamme.svg/512px-GHS-pictogram-flamme.svg.png"" height=""32"">";"<img src=""https://upload.wikimedia.org/wikipedia/commons/thumb/2/21/GHS-pictogram-silhouette.svg/512px-GHS-pictogram-silhouette.svg.png"" height=""32"">";"<img src=""https://upload.wikimedia.org/wikipedia/commons/thumb/c/c3/GHS-pictogram-exclam.svg/512px-GHS-pictogram-exclam.svg.png"" height=""32"">";;;"<img src=""https://upload.wikimedia.org/wikipedia/commons/thumb/6/6d/GHS-pictogram-flamme.svg/512px-GHS-pictogram-flamme.svg.png"" height=""32""><img src=""https://upload.wikimedia.org/wikipedia/commons/thumb/2/21/GHS-pictogram-silhouette.svg/512px-GHS-pictogram-silhouette.svg.png"" height=""32""><img src=""https://upload.wikimedia.org/wikipedia/commons/thumb/c/c3/GHS-pictogram-exclam.svg/512px-GHS-pictogram-exclam.svg.png"" height=""32"">";Flammmable cabinet
Etanolamin;"<img src=""https://upload.wikimedia.org/wikipedia/commons/thumb/a/a1/GHS-pictogram-acid.svg/512px-GHS-pictogram-acid.svg.png"" height=""32"">";"<img src=""https://upload.wikimedia.org/wikipedia/commons/thumb/c/c3/GHS-pictogram-exclam.svg/512px-GHS-pictogram-exclam.svg.png"" height=""32"">";;;;"<img src=""https://upload.wikimedia.org/wikipedia/commons/thumb/a/a1/GHS-pictogram-acid.svg/512px-GHS-pictogram-acid.svg.png"" height=""32""><img src=""https://upload.wikimedia.org/wikipedia/commons/thumb/c/c3/GHS-pictogram-exclam.svg/512px-GHS-pictogram-exclam.svg.png"" height=""32"">";Cupboard Csaba
Ethanol 99%;"<img src=""https://upload.wikimedia.org/wikipedia/commons/thumb/6/6d/GHS-pictogram-flamme.svg/512px-GHS-pictogram-flamme.svg.png"" height=""32"">";"<img src=""https://upload.wikimedia.org/wikipedia/commons/thumb/c/c3/GHS-pictogram-exclam.svg/512px-GHS-pictogram-exclam.svg.png"" height=""32"">";;;;"<img src=""https://upload.wikimedia.org/wikipedia/commons/thumb/6/6d/GHS-pictogram-flamme.svg/512px-GHS-pictogram-flamme.svg.png"" height=""32""><img src=""https://upload.wikimedia.org/wikipedia/commons/thumb/c/c3/GHS-pictogram-exclam.svg/512px-GHS-pictogram-exclam.svg.png"" height=""32"">";Flammmable cabinet
FSC 22 Frozen Section Media;;;;;;;Lab space
GelRed nucleic acid stain 3x in water;;;;;;;Lab space
High Sensitivity D1000 Reagents (kit);;;;;;;Fridge near Bond
High Sensitivity D1000 Screen Tape;;;;;;;Fridge near Bond
Hoechst 33342, trihydrochloride, trihydrate (10 mg/mL solution in water);;;;;;;Fridge near Bond
Imidazole-3M;;;;;;;Cupboard Csaba
INT/BCIP stock solution;;;;;;;Fridge near Bond
iQ SYBR Green Supermix (volym) (gammal);"<img src=""https://upload.wikimedia.org/wikipedia/commons/thumb/a/a1/GHS-pictogram-acid.svg/512px-GHS-pictogram-acid.svg.png"" height=""32"">";;;;;"<img src=""https://upload.wikimedia.org/wikipedia/commons/thumb/a/a1/GHS-pictogram-acid.svg/512px-GHS-pictogram-acid.svg.png"" height=""32"">";Freezer B
Järndiklorid;"<img src=""https://upload.wikimedia.org/wikipedia/commons/thumb/a/a1/GHS-pictogram-acid.svg/512px-GHS-pictogram-acid.svg.png"" height=""32"">";"<img src=""https://upload.wikimedia.org/wikipedia/commons/thumb/c/c3/GHS-pictogram-exclam.svg/512px-GHS-pictogram-exclam.svg.png"" height=""32"">";;;;"<img src=""https://upload.wikimedia.org/wikipedia/commons/thumb/a/a1/GHS-pictogram-acid.svg/512px-GHS-pictogram-acid.svg.png"" height=""32""><img src=""https://upload.wikimedia.org/wikipedia/commons/thumb/c/c3/GHS-pictogram-exclam.svg/512px-GHS-pictogram-exclam.svg.png"" height=""32"">";Cupboard Csaba
Kaliumpermanganat krist.;"<img src=""https://upload.wikimedia.org/wikipedia/commons/thumb/e/e5/GHS-pictogram-rondflam.svg/512px-GHS-pictogram-rondflam.svg.png"" height=""32"">";"<img src=""https://upload.wikimedia.org/wikipedia/commons/thumb/a/a1/GHS-pictogram-acid.svg/512px-GHS-pictogram-acid.svg.png"" height=""32"">";"<img src=""https://upload.wikimedia.org/wikipedia/commons/thumb/c/c3/GHS-pictogram-exclam.svg/512px-GHS-pictogram-exclam.svg.png"" height=""32"">";"<img src=""https://upload.wikimedia.org/wikipedia/commons/thumb/b/b9/GHS-pictogram-pollu.svg/512px-GHS-pictogram-pollu.svg.png"" height=""32"">";;"<img src=""https://upload.wikimedia.org/wikipedia/commons/thumb/e/e5/GHS-pictogram-rondflam.svg/512px-GHS-pictogram-rondflam.svg.png"" height=""32""><img src=""https://upload.wikimedia.org/wikipedia/commons/thumb/a/a1/GHS-pictogram-acid.svg/512px-GHS-pictogram-acid.svg.png"" height=""32""><img src=""https://upload.wikimedia.org/wikipedia/commons/thumb/c/c3/GHS-pictogram-exclam.svg/512px-GHS-pictogram-exclam.svg.png"" height=""32""><img src=""https://upload.wikimedia.org/wikipedia/commons/thumb/b/b9/GHS-pictogram-pollu.svg/512px-GHS-pictogram-pollu.svg.png"" height=""32"">";Flammmable cabinet
Krom(III)kaliumsulfat dodekahydrat;"<img src=""https://upload.wikimedia.org/wikipedia/commons/thumb/c/c3/GHS-pictogram-exclam.svg/512px-GHS-pictogram-exclam.svg.png"" height=""32"">";;;;;"<img src=""https://upload.wikimedia.org/wikipedia/commons/thumb/c/c3/GHS-pictogram-exclam.svg/512px-GHS-pictogram-exclam.svg.png"" height=""32"">";Cupboard Csaba
Lithium chloride anhydrous;"<img src=""https://upload.wikimedia.org/wikipedia/commons/thumb/c/c3/GHS-pictogram-exclam.svg/512px-GHS-pictogram-exclam.svg.png"" height=""32"">";;;;;"<img src=""https://upload.wikimedia.org/wikipedia/commons/thumb/c/c3/GHS-pictogram-exclam.svg/512px-GHS-pictogram-exclam.svg.png"" height=""32"">";Cupboard Csaba
Metanol;"<img src=""https://upload.wikimedia.org/wikipedia/commons/thumb/6/6d/GHS-pictogram-flamme.svg/512px-GHS-pictogram-flamme.svg.png"" height=""32"">";"<img src=""https://upload.wikimedia.org/wikipedia/commons/thumb/5/58/GHS-pictogram-skull.svg/512px-GHS-pictogram-skull.svg.png"" height=""32"">";"<img src=""https://upload.wikimedia.org/wikipedia/commons/thumb/2/21/GHS-pictogram-silhouette.svg/512px-GHS-pictogram-silhouette.svg.png"" height=""32"">";;;"<img src=""https://upload.wikimedia.org/wikipedia/commons/thumb/6/6d/GHS-pictogram-flamme.svg/512px-GHS-pictogram-flamme.svg.png"" height=""32""><img src=""https://upload.wikimedia.org/wikipedia/commons/thumb/5/58/GHS-pictogram-skull.svg/512px-GHS-pictogram-skull.svg.png"" height=""32""><img src=""https://upload.wikimedia.org/wikipedia/commons/thumb/2/21/GHS-pictogram-silhouette.svg/512px-GHS-pictogram-silhouette.svg.png"" height=""32"">";Flammmable cabinet
MGIEasy Circulization Module Kit;;;;;;;New Freezer
MGIEasy DNA Clean Beads (Kit);;;;;;;New fridge
MGIEasy RNA Library Prep Set Kit;"<img src=""https://upload.wikimedia.org/wikipedia/commons/thumb/5/58/GHS-pictogram-skull.svg/512px-GHS-pictogram-skull.svg.png"" height=""32"">";"<img src=""https://upload.wikimedia.org/wikipedia/commons/thumb/2/21/GHS-pictogram-silhouette.svg/512px-GHS-pictogram-silhouette.svg.png"" height=""32"">";;;;"<img src=""https://upload.wikimedia.org/wikipedia/commons/thumb/5/58/GHS-pictogram-skull.svg/512px-GHS-pictogram-skull.svg.png"" height=""32""><img src=""https://upload.wikimedia.org/wikipedia/commons/thumb/2/21/GHS-pictogram-silhouette.svg/512px-GHS-pictogram-silhouette.svg.png"" height=""32"">";New Freezer
MGIEasy rRNA Depletion kit;;;;;;;New Freezer
Mounting medium (Sigma-Aldrich);;;;;;;Fridge Atlas
m-Xylen;"<img src=""https://upload.wikimedia.org/wikipedia/commons/thumb/6/6d/GHS-pictogram-flamme.svg/512px-GHS-pictogram-flamme.svg.png"" height=""32"">";"<img src=""https://upload.wikimedia.org/wikipedia/commons/thumb/c/c3/GHS-pictogram-exclam.svg/512px-GHS-pictogram-exclam.svg.png"" height=""32"">";;;;"<img src=""https://upload.wikimedia.org/wikipedia/commons/thumb/6/6d/GHS-pictogram-flamme.svg/512px-GHS-pictogram-flamme.svg.png"" height=""32""><img src=""https://upload.wikimedia.org/wikipedia/commons/thumb/c/c3/GHS-pictogram-exclam.svg/512px-GHS-pictogram-exclam.svg.png"" height=""32"">";Flammmable cabinet
Myelin Removal Beads II human, mouse, rat;;;;;;;Fridge Atlas
Myrsyra (volym);"<img src=""https://upload.wikimedia.org/wikipedia/commons/thumb/6/6d/GHS-pictogram-flamme.svg/512px-GHS-pictogram-flamme.svg.png"" height=""32"">";"<img src=""https://upload.wikimedia.org/wikipedia/commons/thumb/5/58/GHS-pictogram-skull.svg/512px-GHS-pictogram-skull.svg.png"" height=""32"">";"<img src=""https://upload.wikimedia.org/wikipedia/commons/thumb/a/a1/GHS-pictogram-acid.svg/512px-GHS-pictogram-acid.svg.png"" height=""32"">";;;"<img src=""https://upload.wikimedia.org/wikipedia/commons/thumb/6/6d/GHS-pictogram-flamme.svg/512px-GHS-pictogram-flamme.svg.png"" height=""32""><img src=""https://upload.wikimedia.org/wikipedia/commons/thumb/5/58/GHS-pictogram-skull.svg/512px-GHS-pictogram-skull.svg.png"" height=""32""><img src=""https://upload.wikimedia.org/wikipedia/commons/thumb/a/a1/GHS-pictogram-acid.svg/512px-GHS-pictogram-acid.svg.png"" height=""32"">";Flammmable cabinet
N,N-Dimetylformamid;"<img src=""https://upload.wikimedia.org/wikipedia/commons/thumb/6/6d/GHS-pictogram-flamme.svg/512px-GHS-pictogram-flamme.svg.png"" height=""32"">";"<img src=""https://upload.wikimedia.org/wikipedia/commons/thumb/2/21/GHS-pictogram-silhouette.svg/512px-GHS-pictogram-silhouette.svg.png"" height=""32"">";"<img src=""https://upload.wikimedia.org/wikipedia/commons/thumb/c/c3/GHS-pictogram-exclam.svg/512px-GHS-pictogram-exclam.svg.png"" height=""32"">";;;"<img src=""https://upload.wikimedia.org/wikipedia/commons/thumb/6/6d/GHS-pictogram-flamme.svg/512px-GHS-pictogram-flamme.svg.png"" height=""32""><img src=""https://upload.wikimedia.org/wikipedia/commons/thumb/2/21/GHS-pictogram-silhouette.svg/512px-GHS-pictogram-silhouette.svg.png"" height=""32""><img src=""https://upload.wikimedia.org/wikipedia/commons/thumb/c/c3/GHS-pictogram-exclam.svg/512px-GHS-pictogram-exclam.svg.png"" height=""32"">";Flammmable cabinet
NATIVEPAGE 20X RUNNING BUFFER;;;;;;;Lab space
NativePAGE Sample Prep Kit;"<img src=""https://upload.wikimedia.org/wikipedia/commons/thumb/2/21/GHS-pictogram-silhouette.svg/512px-GHS-pictogram-silhouette.svg.png"" height=""32"">";"<img src=""https://upload.wikimedia.org/wikipedia/commons/thumb/a/a1/GHS-pictogram-acid.svg/512px-GHS-pictogram-acid.svg.png"" height=""32"">";"<img src=""https://upload.wikimedia.org/wikipedia/commons/thumb/c/c3/GHS-pictogram-exclam.svg/512px-GHS-pictogram-exclam.svg.png"" height=""32"">";;;"<img src=""https://upload.wikimedia.org/wikipedia/commons/thumb/2/21/GHS-pictogram-silhouette.svg/512px-GHS-pictogram-silhouette.svg.png"" height=""32""><img src=""https://upload.wikimedia.org/wikipedia/commons/thumb/a/a1/GHS-pictogram-acid.svg/512px-GHS-pictogram-acid.svg.png"" height=""32""><img src=""https://upload.wikimedia.org/wikipedia/commons/thumb/c/c3/GHS-pictogram-exclam.svg/512px-GHS-pictogram-exclam.svg.png"" height=""32"">";Fridge Atlas
NativePAGE Sample Prep Kit;"<img src=""https://upload.wikimedia.org/wikipedia/commons/thumb/2/21/GHS-pictogram-silhouette.svg/512px-GHS-pictogram-silhouette.svg.png"" height=""32"">";"<img src=""https://upload.wikimedia.org/wikipedia/commons/thumb/a/a1/GHS-pictogram-acid.svg/512px-GHS-pictogram-acid.svg.png"" height=""32"">";"<img src=""https://upload.wikimedia.org/wikipedia/commons/thumb/c/c3/GHS-pictogram-exclam.svg/512px-GHS-pictogram-exclam.svg.png"" height=""32"">";;;"<img src=""https://upload.wikimedia.org/wikipedia/commons/thumb/2/21/GHS-pictogram-silhouette.svg/512px-GHS-pictogram-silhouette.svg.png"" height=""32""><img src=""https://upload.wikimedia.org/wikipedia/commons/thumb/a/a1/GHS-pictogram-acid.svg/512px-GHS-pictogram-acid.svg.png"" height=""32""><img src=""https://upload.wikimedia.org/wikipedia/commons/thumb/c/c3/GHS-pictogram-exclam.svg/512px-GHS-pictogram-exclam.svg.png"" height=""32"">";Fridge near Bond
Natriumazid;"<img src=""https://upload.wikimedia.org/wikipedia/commons/thumb/5/58/GHS-pictogram-skull.svg/512px-GHS-pictogram-skull.svg.png"" height=""32"">";"<img src=""https://upload.wikimedia.org/wikipedia/commons/thumb/2/21/GHS-pictogram-silhouette.svg/512px-GHS-pictogram-silhouette.svg.png"" height=""32"">";"<img src=""https://upload.wikimedia.org/wikipedia/commons/thumb/b/b9/GHS-pictogram-pollu.svg/512px-GHS-pictogram-pollu.svg.png"" height=""32"">";;;"<img src=""https://upload.wikimedia.org/wikipedia/commons/thumb/5/58/GHS-pictogram-skull.svg/512px-GHS-pictogram-skull.svg.png"" height=""32""><img src=""https://upload.wikimedia.org/wikipedia/commons/thumb/2/21/GHS-pictogram-silhouette.svg/512px-GHS-pictogram-silhouette.svg.png"" height=""32""><img src=""https://upload.wikimedia.org/wikipedia/commons/thumb/b/b9/GHS-pictogram-pollu.svg/512px-GHS-pictogram-pollu.svg.png"" height=""32"">";Cupboard Csaba
Natriumborhydrid;"<img src=""https://upload.wikimedia.org/wikipedia/commons/thumb/6/6d/GHS-pictogram-flamme.svg/512px-GHS-pictogram-flamme.svg.png"" height=""32"">";"<img src=""https://upload.wikimedia.org/wikipedia/commons/thumb/5/58/GHS-pictogram-skull.svg/512px-GHS-pictogram-skull.svg.png"" height=""32"">";"<img src=""https://upload.wikimedia.org/wikipedia/commons/thumb/2/21/GHS-pictogram-silhouette.svg/512px-GHS-pictogram-silhouette.svg.png"" height=""32"">";"<img src=""https://upload.wikimedia.org/wikipedia/commons/thumb/a/a1/GHS-pictogram-acid.svg/512px-GHS-pictogram-acid.svg.png"" height=""32"">";;"<img src=""https://upload.wikimedia.org/wikipedia/commons/thumb/6/6d/GHS-pictogram-flamme.svg/512px-GHS-pictogram-flamme.svg.png"" height=""32""><img src=""https://upload.wikimedia.org/wikipedia/commons/thumb/5/58/GHS-pictogram-skull.svg/512px-GHS-pictogram-skull.svg.png"" height=""32""><img src=""https://upload.wikimedia.org/wikipedia/commons/thumb/2/21/GHS-pictogram-silhouette.svg/512px-GHS-pictogram-silhouette.svg.png"" height=""32""><img src=""https://upload.wikimedia.org/wikipedia/commons/thumb/a/a1/GHS-pictogram-acid.svg/512px-GHS-pictogram-acid.svg.png"" height=""32"">";Flammmable cabinet
Natriumditionit;"<img src=""https://upload.wikimedia.org/wikipedia/commons/thumb/6/6d/GHS-pictogram-flamme.svg/512px-GHS-pictogram-flamme.svg.png"" height=""32"">";;;;;"<img src=""https://upload.wikimedia.org/wikipedia/commons/thumb/6/6d/GHS-pictogram-flamme.svg/512px-GHS-pictogram-flamme.svg.png"" height=""32"">";Fridge near Bond
Natriumhydroxid <0,5% (0,13M);;;;;;;Fridge near Bond
Natriumkloridlösning, 5M;;;;;;;Lab space
NE-PER Nuclear and Cytoplasmic Extraction Reagents (volym);"<img src=""https://upload.wikimedia.org/wikipedia/commons/thumb/a/a1/GHS-pictogram-acid.svg/512px-GHS-pictogram-acid.svg.png"" height=""32"">";;;;;"<img src=""https://upload.wikimedia.org/wikipedia/commons/thumb/a/a1/GHS-pictogram-acid.svg/512px-GHS-pictogram-acid.svg.png"" height=""32"">";Fridge near Bond
N-Ethylmaleimide;"<img src=""https://upload.wikimedia.org/wikipedia/commons/thumb/5/58/GHS-pictogram-skull.svg/512px-GHS-pictogram-skull.svg.png"" height=""32"">";"<img src=""https://upload.wikimedia.org/wikipedia/commons/thumb/a/a1/GHS-pictogram-acid.svg/512px-GHS-pictogram-acid.svg.png"" height=""32"">";;;;"<img src=""https://upload.wikimedia.org/wikipedia/commons/thumb/5/58/GHS-pictogram-skull.svg/512px-GHS-pictogram-skull.svg.png"" height=""32""><img src=""https://upload.wikimedia.org/wikipedia/commons/thumb/a/a1/GHS-pictogram-acid.svg/512px-GHS-pictogram-acid.svg.png"" height=""32"">";Fridge near Bond
Nonidet P40 Substitute;"<img src=""https://upload.wikimedia.org/wikipedia/commons/thumb/a/a1/GHS-pictogram-acid.svg/512px-GHS-pictogram-acid.svg.png"" height=""32"">";"<img src=""https://upload.wikimedia.org/wikipedia/commons/thumb/c/c3/GHS-pictogram-exclam.svg/512px-GHS-pictogram-exclam.svg.png"" height=""32"">";"<img src=""https://upload.wikimedia.org/wikipedia/commons/thumb/b/b9/GHS-pictogram-pollu.svg/512px-GHS-pictogram-pollu.svg.png"" height=""32"">";;;"<img src=""https://upload.wikimedia.org/wikipedia/commons/thumb/a/a1/GHS-pictogram-acid.svg/512px-GHS-pictogram-acid.svg.png"" height=""32""><img src=""https://upload.wikimedia.org/wikipedia/commons/thumb/c/c3/GHS-pictogram-exclam.svg/512px-GHS-pictogram-exclam.svg.png"" height=""32""><img src=""https://upload.wikimedia.org/wikipedia/commons/thumb/b/b9/GHS-pictogram-pollu.svg/512px-GHS-pictogram-pollu.svg.png"" height=""32"">";Cupboard Csaba
NP MOPS SDS RNBUF 20X (gammal);;;;;;;Fridge Atlas
Nuclei Isolation Kit: Nuclei EZ Prep;;;;;;;Fridge near Bond
NuPAGE LDS 4X LDS Sample Buffer;;;;;;;Fridge near Bond
NuPAGE MOPS SDS Running Buffer (20X);;;;;;;Fridge Atlas
NuPAGE Sample Reducing Agent (10X);;;;;;;Fridge Atlas
Oktyl beta-D-glukopyranosid;;;;;;;Fridge near Bond
PBS/Tween Buffer, 20X (VWR K875);;;;;;;Fridge near Bond
Peroxidase Substrate Kit (Vector VIP) (Vector Laboratories SK-4600);"<img src=""https://upload.wikimedia.org/wikipedia/commons/thumb/6/6d/GHS-pictogram-flamme.svg/512px-GHS-pictogram-flamme.svg.png"" height=""32"">";"<img src=""https://upload.wikimedia.org/wikipedia/commons/thumb/5/58/GHS-pictogram-skull.svg/512px-GHS-pictogram-skull.svg.png"" height=""32"">";;;;"<img src=""https://upload.wikimedia.org/wikipedia/commons/thumb/6/6d/GHS-pictogram-flamme.svg/512px-GHS-pictogram-flamme.svg.png"" height=""32""><img src=""https://upload.wikimedia.org/wikipedia/commons/thumb/5/58/GHS-pictogram-skull.svg/512px-GHS-pictogram-skull.svg.png"" height=""32"">";Fridge Atlas
Peroxidase-Blocking Reagent;"<img src=""https://upload.wikimedia.org/wikipedia/commons/thumb/c/c3/GHS-pictogram-exclam.svg/512px-GHS-pictogram-exclam.svg.png"" height=""32"">";;;;;"<img src=""https://upload.wikimedia.org/wikipedia/commons/thumb/c/c3/GHS-pictogram-exclam.svg/512px-GHS-pictogram-exclam.svg.png"" height=""32"">";Fridge Atlas
Peroxidase-Blocking Reagent;"<img src=""https://upload.wikimedia.org/wikipedia/commons/thumb/c/c3/GHS-pictogram-exclam.svg/512px-GHS-pictogram-exclam.svg.png"" height=""32"">";;;;;"<img src=""https://upload.wikimedia.org/wikipedia/commons/thumb/c/c3/GHS-pictogram-exclam.svg/512px-GHS-pictogram-exclam.svg.png"" height=""32"">";Fridge near Bond
"Peroxide Solution; part of ECL Select";;;;;;;Cupboard Csaba
Phosphate Buffered Saline with 10% Bovine Albumin;;;;;;;Fridge near Bond
Plus Reagent;;;;;;;Fridge Atlas
Poly D lysine;;;;;;;Freezer A
Polymer Kit (Post Primary Block + Polymer);;;;;;;Fridge near Bond
Polyvinyl alcohol mounting medium with DABCO antifading;;;;;;;Fridge near Bond
Ponceau S solution, 0.1 % (w/v) in 5% acetic acid;;;;;;;Fridge near Bond
ProLong Gold Antifade Mountant;;;;;;;Lab space
2-Propanol;"<img src=""https://upload.wikimedia.org/wikipedia/commons/thumb/6/6d/GHS-pictogram-flamme.svg/512px-GHS-pictogram-flamme.svg.png"" height=""32"">";"<img src=""https://upload.wikimedia.org/wikipedia/commons/thumb/c/c3/GHS-pictogram-exclam.svg/512px-GHS-pictogram-exclam.svg.png"" height=""32"">";;;;"<img src=""https://upload.wikimedia.org/wikipedia/commons/thumb/6/6d/GHS-pictogram-flamme.svg/512px-GHS-pictogram-flamme.svg.png"" height=""32""><img src=""https://upload.wikimedia.org/wikipedia/commons/thumb/c/c3/GHS-pictogram-exclam.svg/512px-GHS-pictogram-exclam.svg.png"" height=""32"">";Flammmable cabinet
Protector RNase Inhibitor (int. enheter IE) (gammal);;;;;;;Freezer B
Protein Assay Dye Reagent Concentrate (Bio-Rad Laboratories);"<img src=""https://upload.wikimedia.org/wikipedia/commons/thumb/6/6d/GHS-pictogram-flamme.svg/512px-GHS-pictogram-flamme.svg.png"" height=""32"">";"<img src=""https://upload.wikimedia.org/wikipedia/commons/thumb/2/21/GHS-pictogram-silhouette.svg/512px-GHS-pictogram-silhouette.svg.png"" height=""32"">";"<img src=""https://upload.wikimedia.org/wikipedia/commons/thumb/a/a1/GHS-pictogram-acid.svg/512px-GHS-pictogram-acid.svg.png"" height=""32"">";"<img src=""https://upload.wikimedia.org/wikipedia/commons/thumb/c/c3/GHS-pictogram-exclam.svg/512px-GHS-pictogram-exclam.svg.png"" height=""32"">";;"<img src=""https://upload.wikimedia.org/wikipedia/commons/thumb/6/6d/GHS-pictogram-flamme.svg/512px-GHS-pictogram-flamme.svg.png"" height=""32""><img src=""https://upload.wikimedia.org/wikipedia/commons/thumb/2/21/GHS-pictogram-silhouette.svg/512px-GHS-pictogram-silhouette.svg.png"" height=""32""><img src=""https://upload.wikimedia.org/wikipedia/commons/thumb/a/a1/GHS-pictogram-acid.svg/512px-GHS-pictogram-acid.svg.png"" height=""32""><img src=""https://upload.wikimedia.org/wikipedia/commons/thumb/c/c3/GHS-pictogram-exclam.svg/512px-GHS-pictogram-exclam.svg.png"" height=""32"">";Fridge Atlas
PTFE spray;"<img src=""https://upload.wikimedia.org/wikipedia/commons/thumb/6/6d/GHS-pictogram-flamme.svg/512px-GHS-pictogram-flamme.svg.png"" height=""32"">";"<img src=""https://upload.wikimedia.org/wikipedia/commons/thumb/c/c3/GHS-pictogram-exclam.svg/512px-GHS-pictogram-exclam.svg.png"" height=""32"">";;;;"<img src=""https://upload.wikimedia.org/wikipedia/commons/thumb/6/6d/GHS-pictogram-flamme.svg/512px-GHS-pictogram-flamme.svg.png"" height=""32""><img src=""https://upload.wikimedia.org/wikipedia/commons/thumb/c/c3/GHS-pictogram-exclam.svg/512px-GHS-pictogram-exclam.svg.png"" height=""32"">";Flammmable cabinet
QIAxcel DNA High Resolution kit;;;;;;;New fridge
QIAzol Lysis Reagent;"<img src=""https://upload.wikimedia.org/wikipedia/commons/thumb/5/58/GHS-pictogram-skull.svg/512px-GHS-pictogram-skull.svg.png"" height=""32"">";"<img src=""https://upload.wikimedia.org/wikipedia/commons/thumb/2/21/GHS-pictogram-silhouette.svg/512px-GHS-pictogram-silhouette.svg.png"" height=""32"">";"<img src=""https://upload.wikimedia.org/wikipedia/commons/thumb/a/a1/GHS-pictogram-acid.svg/512px-GHS-pictogram-acid.svg.png"" height=""32"">";;;"<img src=""https://upload.wikimedia.org/wikipedia/commons/thumb/5/58/GHS-pictogram-skull.svg/512px-GHS-pictogram-skull.svg.png"" height=""32""><img src=""https://upload.wikimedia.org/wikipedia/commons/thumb/2/21/GHS-pictogram-silhouette.svg/512px-GHS-pictogram-silhouette.svg.png"" height=""32""><img src=""https://upload.wikimedia.org/wikipedia/commons/thumb/a/a1/GHS-pictogram-acid.svg/512px-GHS-pictogram-acid.svg.png"" height=""32"">";Cupboard Csaba
Quant-iT 1X dsDNA HS Assay (kit);;;;;;;Fridge near Bond
Qubit dsDNA BR Assay Kit;;;;;;;New fridge
Qubit dsDNA HS Assay Kit;;;;;;;New fridge
Qubit RNA BR Assay Kit;;;;;;;Lab space
Qubit RNA BR Assay Kit;;;;;;;New Freezer
Qubit RNA BR Assay Kit;;;;;;;New fridge
Restore Western Blot Stripping Buffer;"<img src=""https://upload.wikimedia.org/wikipedia/commons/thumb/a/a1/GHS-pictogram-acid.svg/512px-GHS-pictogram-acid.svg.png"" height=""32"">";;;;;"<img src=""https://upload.wikimedia.org/wikipedia/commons/thumb/a/a1/GHS-pictogram-acid.svg/512px-GHS-pictogram-acid.svg.png"" height=""32"">";Cupboard Csaba
RevertAid H Minus Reverse Transcriptase (200 U/uL) (kit);;;;;;;Freezer B
RNAlater Stabilization Solution;;;;;;;Lab space
RNASE AWAY;"<img src=""https://upload.wikimedia.org/wikipedia/commons/thumb/c/c3/GHS-pictogram-exclam.svg/512px-GHS-pictogram-exclam.svg.png"" height=""32"">";;;;;"<img src=""https://upload.wikimedia.org/wikipedia/commons/thumb/c/c3/GHS-pictogram-exclam.svg/512px-GHS-pictogram-exclam.svg.png"" height=""32"">";Cupboard Csaba
RNASE FREE H20;;;;;;;Lab space
RNase inhibitor;;;;;;;Freezer B
RNase ZAP;;;;;;;Lab space
RNeasy Plus Mini Kit;"<img src=""https://upload.wikimedia.org/wikipedia/commons/thumb/6/6d/GHS-pictogram-flamme.svg/512px-GHS-pictogram-flamme.svg.png"" height=""32"">";"<img src=""https://upload.wikimedia.org/wikipedia/commons/thumb/a/a1/GHS-pictogram-acid.svg/512px-GHS-pictogram-acid.svg.png"" height=""32"">";"<img src=""https://upload.wikimedia.org/wikipedia/commons/thumb/c/c3/GHS-pictogram-exclam.svg/512px-GHS-pictogram-exclam.svg.png"" height=""32"">";;;"<img src=""https://upload.wikimedia.org/wikipedia/commons/thumb/6/6d/GHS-pictogram-flamme.svg/512px-GHS-pictogram-flamme.svg.png"" height=""32""><img src=""https://upload.wikimedia.org/wikipedia/commons/thumb/a/a1/GHS-pictogram-acid.svg/512px-GHS-pictogram-acid.svg.png"" height=""32""><img src=""https://upload.wikimedia.org/wikipedia/commons/thumb/c/c3/GHS-pictogram-exclam.svg/512px-GHS-pictogram-exclam.svg.png"" height=""32"">";Flammmable cabinet
S.O.C. MEDIUM;;;;;;;Fridge near Bond
SDS 10%;"<img src=""https://upload.wikimedia.org/wikipedia/commons/thumb/a/a1/GHS-pictogram-acid.svg/512px-GHS-pictogram-acid.svg.png"" height=""32"">";;;;;"<img src=""https://upload.wikimedia.org/wikipedia/commons/thumb/a/a1/GHS-pictogram-acid.svg/512px-GHS-pictogram-acid.svg.png"" height=""32"">";Cupboard Csaba
Sodium hydroxide;"<img src=""https://upload.wikimedia.org/wikipedia/commons/thumb/a/a1/GHS-pictogram-acid.svg/512px-GHS-pictogram-acid.svg.png"" height=""32"">";;;;;"<img src=""https://upload.wikimedia.org/wikipedia/commons/thumb/a/a1/GHS-pictogram-acid.svg/512px-GHS-pictogram-acid.svg.png"" height=""32"">";Cupboard Csaba
Suberic acid bis(N-hydroxysuccinimide ester);;;;;;;Fridge near Bond
Sudansvart B;;;;;;;Fridge Atlas
Sudansvart B;;;;;;;Fridge near Bond
SureSelect gDNA Extraktion kit;"<img src=""https://upload.wikimedia.org/wikipedia/commons/thumb/6/6d/GHS-pictogram-flamme.svg/512px-GHS-pictogram-flamme.svg.png"" height=""32"">";"<img src=""https://upload.wikimedia.org/wikipedia/commons/thumb/5/58/GHS-pictogram-skull.svg/512px-GHS-pictogram-skull.svg.png"" height=""32"">";"<img src=""https://upload.wikimedia.org/wikipedia/commons/thumb/2/21/GHS-pictogram-silhouette.svg/512px-GHS-pictogram-silhouette.svg.png"" height=""32"">";"<img src=""https://upload.wikimedia.org/wikipedia/commons/thumb/a/a1/GHS-pictogram-acid.svg/512px-GHS-pictogram-acid.svg.png"" height=""32"">";"<img src=""https://upload.wikimedia.org/wikipedia/commons/thumb/b/b9/GHS-pictogram-pollu.svg/512px-GHS-pictogram-pollu.svg.png"" height=""32"">";"<img src=""https://upload.wikimedia.org/wikipedia/commons/thumb/6/6d/GHS-pictogram-flamme.svg/512px-GHS-pictogram-flamme.svg.png"" height=""32""><img src=""https://upload.wikimedia.org/wikipedia/commons/thumb/5/58/GHS-pictogram-skull.svg/512px-GHS-pictogram-skull.svg.png"" height=""32""><img src=""https://upload.wikimedia.org/wikipedia/commons/thumb/2/21/GHS-pictogram-silhouette.svg/512px-GHS-pictogram-silhouette.svg.png"" height=""32""><img src=""https://upload.wikimedia.org/wikipedia/commons/thumb/a/a1/GHS-pictogram-acid.svg/512px-GHS-pictogram-acid.svg.png"" height=""32"">";Flammmable cabinet
N,N,N',N'-Tetrametyletylendiamin;"<img src=""https://upload.wikimedia.org/wikipedia/commons/thumb/6/6d/GHS-pictogram-flamme.svg/512px-GHS-pictogram-flamme.svg.png"" height=""32"">";"<img src=""https://upload.wikimedia.org/wikipedia/commons/thumb/a/a1/GHS-pictogram-acid.svg/512px-GHS-pictogram-acid.svg.png"" height=""32"">";"<img src=""https://upload.wikimedia.org/wikipedia/commons/thumb/c/c3/GHS-pictogram-exclam.svg/512px-GHS-pictogram-exclam.svg.png"" height=""32"">";;;"<img src=""https://upload.wikimedia.org/wikipedia/commons/thumb/6/6d/GHS-pictogram-flamme.svg/512px-GHS-pictogram-flamme.svg.png"" height=""32""><img src=""https://upload.wikimedia.org/wikipedia/commons/thumb/a/a1/GHS-pictogram-acid.svg/512px-GHS-pictogram-acid.svg.png"" height=""32""><img src=""https://upload.wikimedia.org/wikipedia/commons/thumb/c/c3/GHS-pictogram-exclam.svg/512px-GHS-pictogram-exclam.svg.png"" height=""32"">";Flammmable cabinet
THF;"<img src=""https://upload.wikimedia.org/wikipedia/commons/thumb/6/6d/GHS-pictogram-flamme.svg/512px-GHS-pictogram-flamme.svg.png"" height=""32"">";"<img src=""https://upload.wikimedia.org/wikipedia/commons/thumb/2/21/GHS-pictogram-silhouette.svg/512px-GHS-pictogram-silhouette.svg.png"" height=""32"">";"<img src=""https://upload.wikimedia.org/wikipedia/commons/thumb/c/c3/GHS-pictogram-exclam.svg/512px-GHS-pictogram-exclam.svg.png"" height=""32"">";;;"<img src=""https://upload.wikimedia.org/wikipedia/commons/thumb/6/6d/GHS-pictogram-flamme.svg/512px-GHS-pictogram-flamme.svg.png"" height=""32""><img src=""https://upload.wikimedia.org/wikipedia/commons/thumb/2/21/GHS-pictogram-silhouette.svg/512px-GHS-pictogram-silhouette.svg.png"" height=""32""><img src=""https://upload.wikimedia.org/wikipedia/commons/thumb/c/c3/GHS-pictogram-exclam.svg/512px-GHS-pictogram-exclam.svg.png"" height=""32"">";Flammmable cabinet
Trans-Blot Turbo 0.2 micron PVDF Membrane (kit);;;;;;;Fridge near Bond
Trans-Blot Turbo 5x Transfer Buffer;"<img src=""https://upload.wikimedia.org/wikipedia/commons/thumb/c/c3/GHS-pictogram-exclam.svg/512px-GHS-pictogram-exclam.svg.png"" height=""32"">";;;;;"<img src=""https://upload.wikimedia.org/wikipedia/commons/thumb/c/c3/GHS-pictogram-exclam.svg/512px-GHS-pictogram-exclam.svg.png"" height=""32"">";Fridge Atlas
Trans-Blot Turbo RTA Transfer PVDF Kit;;;;;;;Lab space
Trietylamin;"<img src=""https://upload.wikimedia.org/wikipedia/commons/thumb/6/6d/GHS-pictogram-flamme.svg/512px-GHS-pictogram-flamme.svg.png"" height=""32"">";"<img src=""https://upload.wikimedia.org/wikipedia/commons/thumb/5/58/GHS-pictogram-skull.svg/512px-GHS-pictogram-skull.svg.png"" height=""32"">";"<img src=""https://upload.wikimedia.org/wikipedia/commons/thumb/a/a1/GHS-pictogram-acid.svg/512px-GHS-pictogram-acid.svg.png"" height=""32"">";;;"<img src=""https://upload.wikimedia.org/wikipedia/commons/thumb/6/6d/GHS-pictogram-flamme.svg/512px-GHS-pictogram-flamme.svg.png"" height=""32""><img src=""https://upload.wikimedia.org/wikipedia/commons/thumb/5/58/GHS-pictogram-skull.svg/512px-GHS-pictogram-skull.svg.png"" height=""32""><img src=""https://upload.wikimedia.org/wikipedia/commons/thumb/a/a1/GHS-pictogram-acid.svg/512px-GHS-pictogram-acid.svg.png"" height=""32"">";Flammmable cabinet
Triklorisocyanursyra;"<img src=""https://upload.wikimedia.org/wikipedia/commons/thumb/e/e5/GHS-pictogram-rondflam.svg/512px-GHS-pictogram-rondflam.svg.png"" height=""32"">";"<img src=""https://upload.wikimedia.org/wikipedia/commons/thumb/c/c3/GHS-pictogram-exclam.svg/512px-GHS-pictogram-exclam.svg.png"" height=""32"">";"<img src=""https://upload.wikimedia.org/wikipedia/commons/thumb/b/b9/GHS-pictogram-pollu.svg/512px-GHS-pictogram-pollu.svg.png"" height=""32"">";;;"<img src=""https://upload.wikimedia.org/wikipedia/commons/thumb/e/e5/GHS-pictogram-rondflam.svg/512px-GHS-pictogram-rondflam.svg.png"" height=""32""><img src=""https://upload.wikimedia.org/wikipedia/commons/thumb/c/c3/GHS-pictogram-exclam.svg/512px-GHS-pictogram-exclam.svg.png"" height=""32""><img src=""https://upload.wikimedia.org/wikipedia/commons/thumb/b/b9/GHS-pictogram-pollu.svg/512px-GHS-pictogram-pollu.svg.png"" height=""32"">";Flammmable cabinet
TRIS 1.0M Buffer Solution, pH 9.0;;;;;;;Fridge near Bond
Tris(2-carboxyethyl)phosphine hydrochloride;"<img src=""https://upload.wikimedia.org/wikipedia/commons/thumb/a/a1/GHS-pictogram-acid.svg/512px-GHS-pictogram-acid.svg.png"" height=""32"">";;;;;"<img src=""https://upload.wikimedia.org/wikipedia/commons/thumb/a/a1/GHS-pictogram-acid.svg/512px-GHS-pictogram-acid.svg.png"" height=""32"">";Fridge Atlas
Tris-HCl pH 8,2 1M;;;;;;;Fridge near Bond
Triton X-100 (1%);"<img src=""https://upload.wikimedia.org/wikipedia/commons/thumb/c/c3/GHS-pictogram-exclam.svg/512px-GHS-pictogram-exclam.svg.png"" height=""32"">";;;;;"<img src=""https://upload.wikimedia.org/wikipedia/commons/thumb/c/c3/GHS-pictogram-exclam.svg/512px-GHS-pictogram-exclam.svg.png"" height=""32"">";Cupboard Csaba
Trizol Reagent;"<img src=""https://upload.wikimedia.org/wikipedia/commons/thumb/5/58/GHS-pictogram-skull.svg/512px-GHS-pictogram-skull.svg.png"" height=""32"">";"<img src=""https://upload.wikimedia.org/wikipedia/commons/thumb/2/21/GHS-pictogram-silhouette.svg/512px-GHS-pictogram-silhouette.svg.png"" height=""32"">";"<img src=""https://upload.wikimedia.org/wikipedia/commons/thumb/a/a1/GHS-pictogram-acid.svg/512px-GHS-pictogram-acid.svg.png"" height=""32"">";;;"<img src=""https://upload.wikimedia.org/wikipedia/commons/thumb/5/58/GHS-pictogram-skull.svg/512px-GHS-pictogram-skull.svg.png"" height=""32""><img src=""https://upload.wikimedia.org/wikipedia/commons/thumb/2/21/GHS-pictogram-silhouette.svg/512px-GHS-pictogram-silhouette.svg.png"" height=""32""><img src=""https://upload.wikimedia.org/wikipedia/commons/thumb/a/a1/GHS-pictogram-acid.svg/512px-GHS-pictogram-acid.svg.png"" height=""32"">";Cupboard Csaba
TSA Cyanine 3 & 5 TMR Fluorescein Evalutation Kit;;;;;;;Fridge near Bond
TSA Plus Cyanine 5 System;"<img src=""https://upload.wikimedia.org/wikipedia/commons/thumb/c/c3/GHS-pictogram-exclam.svg/512px-GHS-pictogram-exclam.svg.png"" height=""32"">";;;;;"<img src=""https://upload.wikimedia.org/wikipedia/commons/thumb/c/c3/GHS-pictogram-exclam.svg/512px-GHS-pictogram-exclam.svg.png"" height=""32"">";Fridge Atlas
Tween 20 (10%);;;;;;;Lab space
Tyramide Signal Amplification Plus Biotin Kit;;;;;;;Fridge Atlas
water nuclease-free;;;;;;;Lab space
VECTASTAIN ABC-HRP Kit, Peroxidase (Standard)  PK-4000;;;;;;;Fridge Atlas
Vector TrueVIEW Autofluorescence Quenching Kit;;;;;;;Fridge Atlas
Väteperoxid 30-procentig (Merck 107209);"<img src=""https://upload.wikimedia.org/wikipedia/commons/thumb/a/a1/GHS-pictogram-acid.svg/512px-GHS-pictogram-acid.svg.png"" height=""32"">";"<img src=""https://upload.wikimedia.org/wikipedia/commons/thumb/c/c3/GHS-pictogram-exclam.svg/512px-GHS-pictogram-exclam.svg.png"" height=""32"">";;;;"<img src=""https://upload.wikimedia.org/wikipedia/commons/thumb/a/a1/GHS-pictogram-acid.svg/512px-GHS-pictogram-acid.svg.png"" height=""32""><img src=""https://upload.wikimedia.org/wikipedia/commons/thumb/c/c3/GHS-pictogram-exclam.svg/512px-GHS-pictogram-exclam.svg.png"" height=""32"">";Fridge Atlas
Yeast tRNA (massa);;;;;;;Freezer B
Ättiksyra;"<img src=""https://upload.wikimedia.org/wikipedia/commons/thumb/6/6d/GHS-pictogram-flamme.svg/512px-GHS-pictogram-flamme.svg.png"" height=""32"">";"<img src=""https://upload.wikimedia.org/wikipedia/commons/thumb/a/a1/GHS-pictogram-acid.svg/512px-GHS-pictogram-acid.svg.png"" height=""32"">";;;;"<img src=""https://upload.wikimedia.org/wikipedia/commons/thumb/6/6d/GHS-pictogram-flamme.svg/512px-GHS-pictogram-flamme.svg.png"" height=""32""><img src=""https://upload.wikimedia.org/wikipedia/commons/thumb/a/a1/GHS-pictogram-acid.svg/512px-GHS-pictogram-acid.svg.png"" height=""32"">";New Freezer
10X PBS BUFFER, PH 7.4;;;;;;;Cupboard 1 JM
10X PBS BUFFER, PH 7.4;;;;;;;Cupboard 2 JM
1X TE Buffer;;;;;;;Cupboard 3 JM
Agarose Electrophoresis reagent;;;;;;;Cupboard 1 JM
Aminocaproic acid;;;;;;;Acids JM
Ammoniumformiat;;;;;;;Cupboard 1 JM
ATX Ponceau S red staining solution;"<img src=""https://upload.wikimedia.org/wikipedia/commons/thumb/c/c3/GHS-pictogram-exclam.svg/512px-GHS-pictogram-exclam.svg.png"" height=""32"">";;;;;"<img src=""https://upload.wikimedia.org/wikipedia/commons/thumb/c/c3/GHS-pictogram-exclam.svg/512px-GHS-pictogram-exclam.svg.png"" height=""32"">";Acids JM
Bacitracin;;;;;;;Cupboard 1 JM
Blotting Grade Blocker;;;;;;;Cupboard 1 JM
Brilliant Blue G;;;;;;;Cupboard 1 JM
Bromfenolblått;;;;;;;Cupboard 1 JM
Buffer solution pH = 10,00 (20 °C) (Sodium carbonate/Sodium hydrogen carbonate);;;;;;;Cupboard 1 JM
Buffer Solution pH = 4.00 (20 °C), red-coloured;;;;;;;Cupboard 1 JM
Buffer Solution pH = 7.00 (20 °C), yellow-coloured;;;;;;;Cupboard 1 JM
Clarity Western ECL Substrate Kit;;;;;;;
Cresyl Violet perchlorate;"<img src=""https://upload.wikimedia.org/wikipedia/commons/thumb/c/c3/GHS-pictogram-exclam.svg/512px-GHS-pictogram-exclam.svg.png"" height=""32"">";;;;;"<img src=""https://upload.wikimedia.org/wikipedia/commons/thumb/c/c3/GHS-pictogram-exclam.svg/512px-GHS-pictogram-exclam.svg.png"" height=""32"">";Cupboard 1 JM
D(+)-Glukos;;;;;;;Cupboard 2 JM
Dabco 33-LV (solution);"<img src=""https://upload.wikimedia.org/wikipedia/commons/thumb/c/c3/GHS-pictogram-exclam.svg/512px-GHS-pictogram-exclam.svg.png"" height=""32"">";;;;;"<img src=""https://upload.wikimedia.org/wikipedia/commons/thumb/c/c3/GHS-pictogram-exclam.svg/512px-GHS-pictogram-exclam.svg.png"" height=""32"">";Cupboard 1 JM
D-Glucose-13C6,1,2,3,4,5,6,6-d7;;;;;;;Cupboard 1 JM
Disodium hydrogen phosphate dodecahydrate;;;;;;;Cupboard 1 JM
DMSO;;;;;;;Cupboard 3 JM
DPBS (10X), no calcium, no magnesium;;;;;;;Cupboard 1 JM
DTT, 100mM;;;;;;;Cupboard 1 JM
Gelatin;;;;;;;Cupboard 1 JM
Glycerol;;;;;;;Cupboard 1 JM
Glycin;;;;;;;Cupboard 1 JM
HEPES;;;;;;;Acids JM
HistoChoice clearing agent;"<img src=""https://upload.wikimedia.org/wikipedia/commons/thumb/c/c3/GHS-pictogram-exclam.svg/512px-GHS-pictogram-exclam.svg.png"" height=""32"">";;;;;"<img src=""https://upload.wikimedia.org/wikipedia/commons/thumb/c/c3/GHS-pictogram-exclam.svg/512px-GHS-pictogram-exclam.svg.png"" height=""32"">";Cupboard 3 JM
Kaliumdivätefosfat;;;;;;;Cupboard 1 JM
Kaliumklorid;;;;;;;Cupboard 2 JM
Kaliumkloridlösning 2M;;;;;;;Cupboard 1 JM
L-Tryptofan;;;;;;;Cupboard 1 JM
Magnesiumklorid;;;;;;;Cupboard 1 JM
Magnesiumsulfat-heptahydrat;;;;;;;Cupboard 1 JM
Mayers HTX (HistoLab Products AB);"<img src=""https://upload.wikimedia.org/wikipedia/commons/thumb/a/a1/GHS-pictogram-acid.svg/512px-GHS-pictogram-acid.svg.png"" height=""32"">";;;;;"<img src=""https://upload.wikimedia.org/wikipedia/commons/thumb/a/a1/GHS-pictogram-acid.svg/512px-GHS-pictogram-acid.svg.png"" height=""32"">";Acids JM
MES monohydrate;;;;;;;Acids JM
Natriumdivätefosfat monohydrat;;;;;;;Cupboard 2 JM
Natriumhydrogencarbonat;;;;;;;Cupboard 2 JM
Natriumkarbonat;"<img src=""https://upload.wikimedia.org/wikipedia/commons/thumb/c/c3/GHS-pictogram-exclam.svg/512px-GHS-pictogram-exclam.svg.png"" height=""32"">";;;;;"<img src=""https://upload.wikimedia.org/wikipedia/commons/thumb/c/c3/GHS-pictogram-exclam.svg/512px-GHS-pictogram-exclam.svg.png"" height=""32"">";Acids JM
Natriumkarbonat;"<img src=""https://upload.wikimedia.org/wikipedia/commons/thumb/c/c3/GHS-pictogram-exclam.svg/512px-GHS-pictogram-exclam.svg.png"" height=""32"">";;;;;"<img src=""https://upload.wikimedia.org/wikipedia/commons/thumb/c/c3/GHS-pictogram-exclam.svg/512px-GHS-pictogram-exclam.svg.png"" height=""32"">";Cupboard 2 JM
Natriumkloridlösning 3.0M;;;;;;;Cupboard 1 JM
di-Natriumvätefosfat;;;;;;;Cupboard 1 JM
di-Natriumvätefosfat;;;;;;;Cupboard 2 JM
di-Natriumvätefosfat dihydrat;;;;;;;Cupboard 1 JM
Nonfat-Dried Milk bovine;;;;;;;Cupboard 1 JM
OptiPrep Density Gradient Medium;;;;;;;Cupboard 1 JM
Oxalic acid standard solution;;;;;;;Acids JM
PBS for biotechnology (tabletter);;;;;;;Cupboard 2 JM
Phosphate Buffered Saline (PBS) tablets (pH 7,4);;;;;;;Cupboard 2 JM
Pikrinsyralösning (1.3% i vatten);;;;;;;Acids JM
polyvinyl alcohol;;;;;;;Cupboard 3 JM
Ponceau S;;;;;;;Acids JM
RNAlater (Life Technologies);;;;;;;Cupboard 2 JM
Sackaros;;;;;;;Cupboard 2 JM
Saltsyra 36,5-38%;"<img src=""https://upload.wikimedia.org/wikipedia/commons/thumb/a/a1/GHS-pictogram-acid.svg/512px-GHS-pictogram-acid.svg.png"" height=""32"">";"<img src=""https://upload.wikimedia.org/wikipedia/commons/thumb/c/c3/GHS-pictogram-exclam.svg/512px-GHS-pictogram-exclam.svg.png"" height=""32"">";;;;"<img src=""https://upload.wikimedia.org/wikipedia/commons/thumb/a/a1/GHS-pictogram-acid.svg/512px-GHS-pictogram-acid.svg.png"" height=""32""><img src=""https://upload.wikimedia.org/wikipedia/commons/thumb/c/c3/GHS-pictogram-exclam.svg/512px-GHS-pictogram-exclam.svg.png"" height=""32"">";Acids JM
Saponin;"<img src=""https://upload.wikimedia.org/wikipedia/commons/thumb/c/c3/GHS-pictogram-exclam.svg/512px-GHS-pictogram-exclam.svg.png"" height=""32"">";;;;;"<img src=""https://upload.wikimedia.org/wikipedia/commons/thumb/c/c3/GHS-pictogram-exclam.svg/512px-GHS-pictogram-exclam.svg.png"" height=""32"">";Cupboard 2 JM
Sigma 7-9 (Trizma base);;;;;;;Cupboard 1 JM
Sodium chloride;;;;;;;Cupboard 1 JM
Sodium deoxycholate;"<img src=""https://upload.wikimedia.org/wikipedia/commons/thumb/c/c3/GHS-pictogram-exclam.svg/512px-GHS-pictogram-exclam.svg.png"" height=""32"">";;;;;"<img src=""https://upload.wikimedia.org/wikipedia/commons/thumb/c/c3/GHS-pictogram-exclam.svg/512px-GHS-pictogram-exclam.svg.png"" height=""32"">";Acids JM
Sodium phosphate monobasic dihydrate;;;;;;;Cupboard 1 JM
Sodium phosphate monobasic dihydrate;;;;;;;Cupboard 2 JM
SSC (Sodium Chloride-Sodium Citrate ) [20X];;;;;;;Cupboard 1 JM
Svavelsyra >95%;"<img src=""https://upload.wikimedia.org/wikipedia/commons/thumb/a/a1/GHS-pictogram-acid.svg/512px-GHS-pictogram-acid.svg.png"" height=""32"">";;;;;"<img src=""https://upload.wikimedia.org/wikipedia/commons/thumb/a/a1/GHS-pictogram-acid.svg/512px-GHS-pictogram-acid.svg.png"" height=""32"">";Acids JM
Svavelsyra 1 mol/l (2 N);"<img src=""https://upload.wikimedia.org/wikipedia/commons/thumb/a/a1/GHS-pictogram-acid.svg/512px-GHS-pictogram-acid.svg.png"" height=""32"">";;;;;"<img src=""https://upload.wikimedia.org/wikipedia/commons/thumb/a/a1/GHS-pictogram-acid.svg/512px-GHS-pictogram-acid.svg.png"" height=""32"">";Acids JM
TBS;;;;;;;Cupboard 3 JM
Thyramine hydrochloride;;;;;;;Cupboard 3 JM
Tioflavin T;;;;;;;Cupboard 3 JM
Tricin;;;;;;;Cupboard 3 JM
Trietanolamin;;;;;;;Cupboard 3 JM
Tween 20;;;;;;;Cupboard 3 JM
Tyramin;"<img src=""https://upload.wikimedia.org/wikipedia/commons/thumb/c/c3/GHS-pictogram-exclam.svg/512px-GHS-pictogram-exclam.svg.png"" height=""32"">";;;;;"<img src=""https://upload.wikimedia.org/wikipedia/commons/thumb/c/c3/GHS-pictogram-exclam.svg/512px-GHS-pictogram-exclam.svg.png"" height=""32"">";Cupboard 3 JM
Vanillin;"<img src=""https://upload.wikimedia.org/wikipedia/commons/thumb/c/c3/GHS-pictogram-exclam.svg/512px-GHS-pictogram-exclam.svg.png"" height=""32"">";;;;;"<img src=""https://upload.wikimedia.org/wikipedia/commons/thumb/c/c3/GHS-pictogram-exclam.svg/512px-GHS-pictogram-exclam.svg.png"" height=""32"">";Cupboard 3 JM
Vatten;;;;;;;Cupboard 1 JM
40% Acrylamide Solution (Bio-Rad Laboratories AB);"<img src=""https://upload.wikimedia.org/wikipedia/commons/thumb/2/21/GHS-pictogram-silhouette.svg/512px-GHS-pictogram-silhouette.svg.png"" height=""32"">";"<img src=""https://upload.wikimedia.org/wikipedia/commons/thumb/c/c3/GHS-pictogram-exclam.svg/512px-GHS-pictogram-exclam.svg.png"" height=""32"">";;;;"<img src=""https://upload.wikimedia.org/wikipedia/commons/thumb/2/21/GHS-pictogram-silhouette.svg/512px-GHS-pictogram-silhouette.svg.png"" height=""32""><img src=""https://upload.wikimedia.org/wikipedia/commons/thumb/c/c3/GHS-pictogram-exclam.svg/512px-GHS-pictogram-exclam.svg.png"" height=""32"">";Fridge in CMR
40% Acrylamide/Bis Solution, 19:1 (Bio-Rad Laboratories AB);"<img src=""https://upload.wikimedia.org/wikipedia/commons/thumb/2/21/GHS-pictogram-silhouette.svg/512px-GHS-pictogram-silhouette.svg.png"" height=""32"">";"<img src=""https://upload.wikimedia.org/wikipedia/commons/thumb/c/c3/GHS-pictogram-exclam.svg/512px-GHS-pictogram-exclam.svg.png"" height=""32"">";;;;"<img src=""https://upload.wikimedia.org/wikipedia/commons/thumb/2/21/GHS-pictogram-silhouette.svg/512px-GHS-pictogram-silhouette.svg.png"" height=""32""><img src=""https://upload.wikimedia.org/wikipedia/commons/thumb/c/c3/GHS-pictogram-exclam.svg/512px-GHS-pictogram-exclam.svg.png"" height=""32"">";Fridge in CMR
Bond Dewax Solution;"<img src=""https://upload.wikimedia.org/wikipedia/commons/thumb/2/21/GHS-pictogram-silhouette.svg/512px-GHS-pictogram-silhouette.svg.png"" height=""32"">";;;;;"<img src=""https://upload.wikimedia.org/wikipedia/commons/thumb/2/21/GHS-pictogram-silhouette.svg/512px-GHS-pictogram-silhouette.svg.png"" height=""32"">";Fridge in CMR
Borsyra;"<img src=""https://upload.wikimedia.org/wikipedia/commons/thumb/2/21/GHS-pictogram-silhouette.svg/512px-GHS-pictogram-silhouette.svg.png"" height=""32"">";;;;;"<img src=""https://upload.wikimedia.org/wikipedia/commons/thumb/2/21/GHS-pictogram-silhouette.svg/512px-GHS-pictogram-silhouette.svg.png"" height=""32"">";Fume hood cabinet
Bradford reagent;"<img src=""https://upload.wikimedia.org/wikipedia/commons/thumb/2/21/GHS-pictogram-silhouette.svg/512px-GHS-pictogram-silhouette.svg.png"" height=""32"">";"<img src=""https://upload.wikimedia.org/wikipedia/commons/thumb/a/a1/GHS-pictogram-acid.svg/512px-GHS-pictogram-acid.svg.png"" height=""32"">";;;;"<img src=""https://upload.wikimedia.org/wikipedia/commons/thumb/2/21/GHS-pictogram-silhouette.svg/512px-GHS-pictogram-silhouette.svg.png"" height=""32""><img src=""https://upload.wikimedia.org/wikipedia/commons/thumb/a/a1/GHS-pictogram-acid.svg/512px-GHS-pictogram-acid.svg.png"" height=""32"">";Fridge in CMR
Diklormetan;"<img src=""https://upload.wikimedia.org/wikipedia/commons/thumb/2/21/GHS-pictogram-silhouette.svg/512px-GHS-pictogram-silhouette.svg.png"" height=""32"">";"<img src=""https://upload.wikimedia.org/wikipedia/commons/thumb/c/c3/GHS-pictogram-exclam.svg/512px-GHS-pictogram-exclam.svg.png"" height=""32"">";;;;"<img src=""https://upload.wikimedia.org/wikipedia/commons/thumb/2/21/GHS-pictogram-silhouette.svg/512px-GHS-pictogram-silhouette.svg.png"" height=""32""><img src=""https://upload.wikimedia.org/wikipedia/commons/thumb/c/c3/GHS-pictogram-exclam.svg/512px-GHS-pictogram-exclam.svg.png"" height=""32"">";Fume hood cabinet
DNeasy Blood & Tissue Kit;"<img src=""https://upload.wikimedia.org/wikipedia/commons/thumb/2/21/GHS-pictogram-silhouette.svg/512px-GHS-pictogram-silhouette.svg.png"" height=""32"">";"<img src=""https://upload.wikimedia.org/wikipedia/commons/thumb/c/c3/GHS-pictogram-exclam.svg/512px-GHS-pictogram-exclam.svg.png"" height=""32"">";;;;"<img src=""https://upload.wikimedia.org/wikipedia/commons/thumb/2/21/GHS-pictogram-silhouette.svg/512px-GHS-pictogram-silhouette.svg.png"" height=""32""><img src=""https://upload.wikimedia.org/wikipedia/commons/thumb/c/c3/GHS-pictogram-exclam.svg/512px-GHS-pictogram-exclam.svg.png"" height=""32"">";Fume hood cabinet
Ethylenediaminetetraacetic acid;"<img src=""https://upload.wikimedia.org/wikipedia/commons/thumb/2/21/GHS-pictogram-silhouette.svg/512px-GHS-pictogram-silhouette.svg.png"" height=""32"">";"<img src=""https://upload.wikimedia.org/wikipedia/commons/thumb/c/c3/GHS-pictogram-exclam.svg/512px-GHS-pictogram-exclam.svg.png"" height=""32"">";;;;"<img src=""https://upload.wikimedia.org/wikipedia/commons/thumb/2/21/GHS-pictogram-silhouette.svg/512px-GHS-pictogram-silhouette.svg.png"" height=""32""><img src=""https://upload.wikimedia.org/wikipedia/commons/thumb/c/c3/GHS-pictogram-exclam.svg/512px-GHS-pictogram-exclam.svg.png"" height=""32"">";Fume hood cabinet
Formaldehyde Standard Solution;;;;;;;Fume hood cabinet
Formaldehydlösning 36,5-38%;"<img src=""https://upload.wikimedia.org/wikipedia/commons/thumb/6/6d/GHS-pictogram-flamme.svg/512px-GHS-pictogram-flamme.svg.png"" height=""32"">";"<img src=""https://upload.wikimedia.org/wikipedia/commons/thumb/5/58/GHS-pictogram-skull.svg/512px-GHS-pictogram-skull.svg.png"" height=""32"">";"<img src=""https://upload.wikimedia.org/wikipedia/commons/thumb/2/21/GHS-pictogram-silhouette.svg/512px-GHS-pictogram-silhouette.svg.png"" height=""32"">";"<img src=""https://upload.wikimedia.org/wikipedia/commons/thumb/a/a1/GHS-pictogram-acid.svg/512px-GHS-pictogram-acid.svg.png"" height=""32"">";;"<img src=""https://upload.wikimedia.org/wikipedia/commons/thumb/6/6d/GHS-pictogram-flamme.svg/512px-GHS-pictogram-flamme.svg.png"" height=""32""><img src=""https://upload.wikimedia.org/wikipedia/commons/thumb/5/58/GHS-pictogram-skull.svg/512px-GHS-pictogram-skull.svg.png"" height=""32""><img src=""https://upload.wikimedia.org/wikipedia/commons/thumb/2/21/GHS-pictogram-silhouette.svg/512px-GHS-pictogram-silhouette.svg.png"" height=""32""><img src=""https://upload.wikimedia.org/wikipedia/commons/thumb/a/a1/GHS-pictogram-acid.svg/512px-GHS-pictogram-acid.svg.png"" height=""32"">";Fume hood cabinet
Formamide (volume);"<img src=""https://upload.wikimedia.org/wikipedia/commons/thumb/2/21/GHS-pictogram-silhouette.svg/512px-GHS-pictogram-silhouette.svg.png"" height=""32"">";;;;;"<img src=""https://upload.wikimedia.org/wikipedia/commons/thumb/2/21/GHS-pictogram-silhouette.svg/512px-GHS-pictogram-silhouette.svg.png"" height=""32"">";Fridge in CMR
Glutaraldehyde solution 25%;"<img src=""https://upload.wikimedia.org/wikipedia/commons/thumb/2/21/GHS-pictogram-silhouette.svg/512px-GHS-pictogram-silhouette.svg.png"" height=""32"">";"<img src=""https://upload.wikimedia.org/wikipedia/commons/thumb/a/a1/GHS-pictogram-acid.svg/512px-GHS-pictogram-acid.svg.png"" height=""32"">";"<img src=""https://upload.wikimedia.org/wikipedia/commons/thumb/c/c3/GHS-pictogram-exclam.svg/512px-GHS-pictogram-exclam.svg.png"" height=""32"">";"<img src=""https://upload.wikimedia.org/wikipedia/commons/thumb/b/b9/GHS-pictogram-pollu.svg/512px-GHS-pictogram-pollu.svg.png"" height=""32"">";;"<img src=""https://upload.wikimedia.org/wikipedia/commons/thumb/2/21/GHS-pictogram-silhouette.svg/512px-GHS-pictogram-silhouette.svg.png"" height=""32""><img src=""https://upload.wikimedia.org/wikipedia/commons/thumb/a/a1/GHS-pictogram-acid.svg/512px-GHS-pictogram-acid.svg.png"" height=""32""><img src=""https://upload.wikimedia.org/wikipedia/commons/thumb/c/c3/GHS-pictogram-exclam.svg/512px-GHS-pictogram-exclam.svg.png"" height=""32""><img src=""https://upload.wikimedia.org/wikipedia/commons/thumb/b/b9/GHS-pictogram-pollu.svg/512px-GHS-pictogram-pollu.svg.png"" height=""32"">";Fume hood cabinet
Kanamycin Sulfate;"<img src=""https://upload.wikimedia.org/wikipedia/commons/thumb/2/21/GHS-pictogram-silhouette.svg/512px-GHS-pictogram-silhouette.svg.png"" height=""32"">";;;;;"<img src=""https://upload.wikimedia.org/wikipedia/commons/thumb/2/21/GHS-pictogram-silhouette.svg/512px-GHS-pictogram-silhouette.svg.png"" height=""32"">";Fridge in CMR
Kloroform-d (volym);"<img src=""https://upload.wikimedia.org/wikipedia/commons/thumb/5/58/GHS-pictogram-skull.svg/512px-GHS-pictogram-skull.svg.png"" height=""32"">";"<img src=""https://upload.wikimedia.org/wikipedia/commons/thumb/2/21/GHS-pictogram-silhouette.svg/512px-GHS-pictogram-silhouette.svg.png"" height=""32"">";;;;"<img src=""https://upload.wikimedia.org/wikipedia/commons/thumb/5/58/GHS-pictogram-skull.svg/512px-GHS-pictogram-skull.svg.png"" height=""32""><img src=""https://upload.wikimedia.org/wikipedia/commons/thumb/2/21/GHS-pictogram-silhouette.svg/512px-GHS-pictogram-silhouette.svg.png"" height=""32"">";Fume hood cabinet
Laccase from Trametes versicolor;"<img src=""https://upload.wikimedia.org/wikipedia/commons/thumb/2/21/GHS-pictogram-silhouette.svg/512px-GHS-pictogram-silhouette.svg.png"" height=""32"">";;;;;"<img src=""https://upload.wikimedia.org/wikipedia/commons/thumb/2/21/GHS-pictogram-silhouette.svg/512px-GHS-pictogram-silhouette.svg.png"" height=""32"">";Fridge in CMR
Luxol fast blue solution;"<img src=""https://upload.wikimedia.org/wikipedia/commons/thumb/2/21/GHS-pictogram-silhouette.svg/512px-GHS-pictogram-silhouette.svg.png"" height=""32"">";;;;;"<img src=""https://upload.wikimedia.org/wikipedia/commons/thumb/2/21/GHS-pictogram-silhouette.svg/512px-GHS-pictogram-silhouette.svg.png"" height=""32"">";Fume hood cabinet
Manganese sulphate hydrate;"<img src=""https://upload.wikimedia.org/wikipedia/commons/thumb/2/21/GHS-pictogram-silhouette.svg/512px-GHS-pictogram-silhouette.svg.png"" height=""32"">";"<img src=""https://upload.wikimedia.org/wikipedia/commons/thumb/b/b9/GHS-pictogram-pollu.svg/512px-GHS-pictogram-pollu.svg.png"" height=""32"">";;;;"<img src=""https://upload.wikimedia.org/wikipedia/commons/thumb/2/21/GHS-pictogram-silhouette.svg/512px-GHS-pictogram-silhouette.svg.png"" height=""32""><img src=""https://upload.wikimedia.org/wikipedia/commons/thumb/b/b9/GHS-pictogram-pollu.svg/512px-GHS-pictogram-pollu.svg.png"" height=""32"">";Fridge in CMR
2-Merkaptoetanol (volym);"<img src=""https://upload.wikimedia.org/wikipedia/commons/thumb/5/58/GHS-pictogram-skull.svg/512px-GHS-pictogram-skull.svg.png"" height=""32"">";"<img src=""https://upload.wikimedia.org/wikipedia/commons/thumb/2/21/GHS-pictogram-silhouette.svg/512px-GHS-pictogram-silhouette.svg.png"" height=""32"">";"<img src=""https://upload.wikimedia.org/wikipedia/commons/thumb/a/a1/GHS-pictogram-acid.svg/512px-GHS-pictogram-acid.svg.png"" height=""32"">";"<img src=""https://upload.wikimedia.org/wikipedia/commons/thumb/b/b9/GHS-pictogram-pollu.svg/512px-GHS-pictogram-pollu.svg.png"" height=""32"">";;"<img src=""https://upload.wikimedia.org/wikipedia/commons/thumb/5/58/GHS-pictogram-skull.svg/512px-GHS-pictogram-skull.svg.png"" height=""32""><img src=""https://upload.wikimedia.org/wikipedia/commons/thumb/2/21/GHS-pictogram-silhouette.svg/512px-GHS-pictogram-silhouette.svg.png"" height=""32""><img src=""https://upload.wikimedia.org/wikipedia/commons/thumb/a/a1/GHS-pictogram-acid.svg/512px-GHS-pictogram-acid.svg.png"" height=""32""><img src=""https://upload.wikimedia.org/wikipedia/commons/thumb/b/b9/GHS-pictogram-pollu.svg/512px-GHS-pictogram-pollu.svg.png"" height=""32"">";Fume hood cabinet
Natriumazid;"<img src=""https://upload.wikimedia.org/wikipedia/commons/thumb/5/58/GHS-pictogram-skull.svg/512px-GHS-pictogram-skull.svg.png"" height=""32"">";"<img src=""https://upload.wikimedia.org/wikipedia/commons/thumb/2/21/GHS-pictogram-silhouette.svg/512px-GHS-pictogram-silhouette.svg.png"" height=""32"">";"<img src=""https://upload.wikimedia.org/wikipedia/commons/thumb/b/b9/GHS-pictogram-pollu.svg/512px-GHS-pictogram-pollu.svg.png"" height=""32"">";;;"<img src=""https://upload.wikimedia.org/wikipedia/commons/thumb/5/58/GHS-pictogram-skull.svg/512px-GHS-pictogram-skull.svg.png"" height=""32""><img src=""https://upload.wikimedia.org/wikipedia/commons/thumb/2/21/GHS-pictogram-silhouette.svg/512px-GHS-pictogram-silhouette.svg.png"" height=""32""><img src=""https://upload.wikimedia.org/wikipedia/commons/thumb/b/b9/GHS-pictogram-pollu.svg/512px-GHS-pictogram-pollu.svg.png"" height=""32"">";Fume hood cabinet
NorthernMax Denaturing Gel Buffer (10X);"<img src=""https://upload.wikimedia.org/wikipedia/commons/thumb/5/58/GHS-pictogram-skull.svg/512px-GHS-pictogram-skull.svg.png"" height=""32"">";"<img src=""https://upload.wikimedia.org/wikipedia/commons/thumb/2/21/GHS-pictogram-silhouette.svg/512px-GHS-pictogram-silhouette.svg.png"" height=""32"">";"<img src=""https://upload.wikimedia.org/wikipedia/commons/thumb/a/a1/GHS-pictogram-acid.svg/512px-GHS-pictogram-acid.svg.png"" height=""32"">";;;"<img src=""https://upload.wikimedia.org/wikipedia/commons/thumb/5/58/GHS-pictogram-skull.svg/512px-GHS-pictogram-skull.svg.png"" height=""32""><img src=""https://upload.wikimedia.org/wikipedia/commons/thumb/2/21/GHS-pictogram-silhouette.svg/512px-GHS-pictogram-silhouette.svg.png"" height=""32""><img src=""https://upload.wikimedia.org/wikipedia/commons/thumb/a/a1/GHS-pictogram-acid.svg/512px-GHS-pictogram-acid.svg.png"" height=""32"">";Fridge in CMR
NuPAGE 3-8% Tris-Acetate Gels;;;;;;;Fridge in CMR
NuPAGE Antioxidant;"<img src=""https://upload.wikimedia.org/wikipedia/commons/thumb/2/21/GHS-pictogram-silhouette.svg/512px-GHS-pictogram-silhouette.svg.png"" height=""32"">";;;;;"<img src=""https://upload.wikimedia.org/wikipedia/commons/thumb/2/21/GHS-pictogram-silhouette.svg/512px-GHS-pictogram-silhouette.svg.png"" height=""32"">";Fridge in CMR
Paraformaldehyd;"<img src=""https://upload.wikimedia.org/wikipedia/commons/thumb/2/21/GHS-pictogram-silhouette.svg/512px-GHS-pictogram-silhouette.svg.png"" height=""32"">";"<img src=""https://upload.wikimedia.org/wikipedia/commons/thumb/a/a1/GHS-pictogram-acid.svg/512px-GHS-pictogram-acid.svg.png"" height=""32"">";"<img src=""https://upload.wikimedia.org/wikipedia/commons/thumb/c/c3/GHS-pictogram-exclam.svg/512px-GHS-pictogram-exclam.svg.png"" height=""32"">";;;"<img src=""https://upload.wikimedia.org/wikipedia/commons/thumb/2/21/GHS-pictogram-silhouette.svg/512px-GHS-pictogram-silhouette.svg.png"" height=""32""><img src=""https://upload.wikimedia.org/wikipedia/commons/thumb/a/a1/GHS-pictogram-acid.svg/512px-GHS-pictogram-acid.svg.png"" height=""32""><img src=""https://upload.wikimedia.org/wikipedia/commons/thumb/c/c3/GHS-pictogram-exclam.svg/512px-GHS-pictogram-exclam.svg.png"" height=""32"">";Fridge in CMR
Paraformaldehyd, 4% i PBS (Alfa Aesar);"<img src=""https://upload.wikimedia.org/wikipedia/commons/thumb/2/21/GHS-pictogram-silhouette.svg/512px-GHS-pictogram-silhouette.svg.png"" height=""32"">";"<img src=""https://upload.wikimedia.org/wikipedia/commons/thumb/a/a1/GHS-pictogram-acid.svg/512px-GHS-pictogram-acid.svg.png"" height=""32"">";"<img src=""https://upload.wikimedia.org/wikipedia/commons/thumb/c/c3/GHS-pictogram-exclam.svg/512px-GHS-pictogram-exclam.svg.png"" height=""32"">";;;"<img src=""https://upload.wikimedia.org/wikipedia/commons/thumb/2/21/GHS-pictogram-silhouette.svg/512px-GHS-pictogram-silhouette.svg.png"" height=""32""><img src=""https://upload.wikimedia.org/wikipedia/commons/thumb/a/a1/GHS-pictogram-acid.svg/512px-GHS-pictogram-acid.svg.png"" height=""32""><img src=""https://upload.wikimedia.org/wikipedia/commons/thumb/c/c3/GHS-pictogram-exclam.svg/512px-GHS-pictogram-exclam.svg.png"" height=""32"">";Fridge in CMR
RNAscope 2.0 Detection Kit -Brown;"<img src=""https://upload.wikimedia.org/wikipedia/commons/thumb/2/21/GHS-pictogram-silhouette.svg/512px-GHS-pictogram-silhouette.svg.png"" height=""32"">";"<img src=""https://upload.wikimedia.org/wikipedia/commons/thumb/c/c3/GHS-pictogram-exclam.svg/512px-GHS-pictogram-exclam.svg.png"" height=""32"">";;;;"<img src=""https://upload.wikimedia.org/wikipedia/commons/thumb/2/21/GHS-pictogram-silhouette.svg/512px-GHS-pictogram-silhouette.svg.png"" height=""32""><img src=""https://upload.wikimedia.org/wikipedia/commons/thumb/c/c3/GHS-pictogram-exclam.svg/512px-GHS-pictogram-exclam.svg.png"" height=""32"">";Fridge in CMR
RNAscope 2.0 HD Reagent Kit – RED;"<img src=""https://upload.wikimedia.org/wikipedia/commons/thumb/2/21/GHS-pictogram-silhouette.svg/512px-GHS-pictogram-silhouette.svg.png"" height=""32"">";"<img src=""https://upload.wikimedia.org/wikipedia/commons/thumb/a/a1/GHS-pictogram-acid.svg/512px-GHS-pictogram-acid.svg.png"" height=""32"">";"<img src=""https://upload.wikimedia.org/wikipedia/commons/thumb/c/c3/GHS-pictogram-exclam.svg/512px-GHS-pictogram-exclam.svg.png"" height=""32"">";;;"<img src=""https://upload.wikimedia.org/wikipedia/commons/thumb/2/21/GHS-pictogram-silhouette.svg/512px-GHS-pictogram-silhouette.svg.png"" height=""32""><img src=""https://upload.wikimedia.org/wikipedia/commons/thumb/a/a1/GHS-pictogram-acid.svg/512px-GHS-pictogram-acid.svg.png"" height=""32""><img src=""https://upload.wikimedia.org/wikipedia/commons/thumb/c/c3/GHS-pictogram-exclam.svg/512px-GHS-pictogram-exclam.svg.png"" height=""32"">";Fridge in CMR
RNAscope Custom Target Probe;"<img src=""https://upload.wikimedia.org/wikipedia/commons/thumb/2/21/GHS-pictogram-silhouette.svg/512px-GHS-pictogram-silhouette.svg.png"" height=""32"">";;;;;"<img src=""https://upload.wikimedia.org/wikipedia/commons/thumb/2/21/GHS-pictogram-silhouette.svg/512px-GHS-pictogram-silhouette.svg.png"" height=""32"">";Fridge in CMR
RNAscope Multiplex Fluorescent Reagent Kit;"<img src=""https://upload.wikimedia.org/wikipedia/commons/thumb/2/21/GHS-pictogram-silhouette.svg/512px-GHS-pictogram-silhouette.svg.png"" height=""32"">";"<img src=""https://upload.wikimedia.org/wikipedia/commons/thumb/c/c3/GHS-pictogram-exclam.svg/512px-GHS-pictogram-exclam.svg.png"" height=""32"">";;;;"<img src=""https://upload.wikimedia.org/wikipedia/commons/thumb/2/21/GHS-pictogram-silhouette.svg/512px-GHS-pictogram-silhouette.svg.png"" height=""32""><img src=""https://upload.wikimedia.org/wikipedia/commons/thumb/c/c3/GHS-pictogram-exclam.svg/512px-GHS-pictogram-exclam.svg.png"" height=""32"">";Fridge in CMR
RNase-Free DNase Set (kit);"<img src=""https://upload.wikimedia.org/wikipedia/commons/thumb/2/21/GHS-pictogram-silhouette.svg/512px-GHS-pictogram-silhouette.svg.png"" height=""32"">";;;;;"<img src=""https://upload.wikimedia.org/wikipedia/commons/thumb/2/21/GHS-pictogram-silhouette.svg/512px-GHS-pictogram-silhouette.svg.png"" height=""32"">";Fridge in CMR
Saline, Borate Buffered;"<img src=""https://upload.wikimedia.org/wikipedia/commons/thumb/2/21/GHS-pictogram-silhouette.svg/512px-GHS-pictogram-silhouette.svg.png"" height=""32"">";;;;;"<img src=""https://upload.wikimedia.org/wikipedia/commons/thumb/2/21/GHS-pictogram-silhouette.svg/512px-GHS-pictogram-silhouette.svg.png"" height=""32"">";Fume hood cabinet
Trans-Blot Turbo 5x Transfer Buffer;"<img src=""https://upload.wikimedia.org/wikipedia/commons/thumb/c/c3/GHS-pictogram-exclam.svg/512px-GHS-pictogram-exclam.svg.png"" height=""32"">";;;;;"<img src=""https://upload.wikimedia.org/wikipedia/commons/thumb/c/c3/GHS-pictogram-exclam.svg/512px-GHS-pictogram-exclam.svg.png"" height=""32"">";
Trans-Blot Turbo 5x Transfer Buffer;"<img src=""https://upload.wikimedia.org/wikipedia/commons/thumb/c/c3/GHS-pictogram-exclam.svg/512px-GHS-pictogram-exclam.svg.png"" height=""32"">";;;;;"<img src=""https://upload.wikimedia.org/wikipedia/commons/thumb/c/c3/GHS-pictogram-exclam.svg/512px-GHS-pictogram-exclam.svg.png"" height=""32"">";Fridge in CMR
TRI Reagent;"<img src=""https://upload.wikimedia.org/wikipedia/commons/thumb/5/58/GHS-pictogram-skull.svg/512px-GHS-pictogram-skull.svg.png"" height=""32"">";"<img src=""https://upload.wikimedia.org/wikipedia/commons/thumb/2/21/GHS-pictogram-silhouette.svg/512px-GHS-pictogram-silhouette.svg.png"" height=""32"">";"<img src=""https://upload.wikimedia.org/wikipedia/commons/thumb/a/a1/GHS-pictogram-acid.svg/512px-GHS-pictogram-acid.svg.png"" height=""32"">";"<img src=""https://upload.wikimedia.org/wikipedia/commons/thumb/b/b9/GHS-pictogram-pollu.svg/512px-GHS-pictogram-pollu.svg.png"" height=""32"">";;"<img src=""https://upload.wikimedia.org/wikipedia/commons/thumb/5/58/GHS-pictogram-skull.svg/512px-GHS-pictogram-skull.svg.png"" height=""32""><img src=""https://upload.wikimedia.org/wikipedia/commons/thumb/2/21/GHS-pictogram-silhouette.svg/512px-GHS-pictogram-silhouette.svg.png"" height=""32""><img src=""https://upload.wikimedia.org/wikipedia/commons/thumb/a/a1/GHS-pictogram-acid.svg/512px-GHS-pictogram-acid.svg.png"" height=""32""><img src=""https://upload.wikimedia.org/wikipedia/commons/thumb/b/b9/GHS-pictogram-pollu.svg/512px-GHS-pictogram-pollu.svg.png"" height=""32"">";Fridge in CMR
Tris-Borate-EDTA buffer (Sigma T4415);"<img src=""https://upload.wikimedia.org/wikipedia/commons/thumb/2/21/GHS-pictogram-silhouette.svg/512px-GHS-pictogram-silhouette.svg.png"" height=""32"">";;;;;"<img src=""https://upload.wikimedia.org/wikipedia/commons/thumb/2/21/GHS-pictogram-silhouette.svg/512px-GHS-pictogram-silhouette.svg.png"" height=""32"">";Fume hood cabinet
Tryptan blue stain;"<img src=""https://upload.wikimedia.org/wikipedia/commons/thumb/2/21/GHS-pictogram-silhouette.svg/512px-GHS-pictogram-silhouette.svg.png"" height=""32"">";;;;;"<img src=""https://upload.wikimedia.org/wikipedia/commons/thumb/2/21/GHS-pictogram-silhouette.svg/512px-GHS-pictogram-silhouette.svg.png"" height=""32"">";Fridge in CMR
;;;;;;;
;;;;;;;
;;;;;;;
;;;;;;;
;;;;;;;
